{
  "C1": [
    -0.38248847926267304,
    -0.3711379177097156
  ],
  "C2": [
    0.07258064516129004,
    -0.10400530905058702
  ],
  "C3": [
    1.080645161290322,
    0.022000638430134112
  ],
  "C4": [
    0.38940092165898577,
    -0.28041363552359644
  ],
  "C5": [
    0.9020737327188937,
    0.24881134389543202
  ],
  "C6": [
    -1.0103686635944702,
    0.24881134389543202
  ],
  "C7": [
    -1.0679723502304148,
    -0.038482216360612
  ],
  "C8": [
    -0.6474654377880187,
    0.11776515851548197
  ],
  "C9": [
    0.6889400921658981,
    -0.17456863963979075
  ],
  "C10": [
    0.8271889400921655,
    -0.39129886930663105
  ],
  "C11": [
    -0.6417050691244242,
    -0.20985030493439272
  ],
  "C12": [
    -0.8548387096774195,
    0.3344953881823223
  ],
  "C13": [
    1.0691244239631335,
    -0.3005745871205119
  ],
  "C14": [
    -0.9124423963133641,
    -0.29049411132205427
  ],
  "C15": [
    0.7292626728110596,
    0.13288587221316872
  ],
  "C16": [
    0.2626728110599075,
    -0.008240788965238943
  ],
  "C17": [
    -0.28456221198156695,
    -0.02336150266292547
  ],
  "C18": [
    -0.46313364055299555,
    0.21856991650005897
  ]
}