{
  "C1": [
    0.38960398369465027,
    0.5831714045915566
  ],
  "C2": [
    0.5264007065521565,
    0.528309099732223
  ],
  "C3": [
    0.8570720870954928,
    0.4961575748650717
  ],
  "C4": [
    0.6373460802082443,
    0.5587881579874083
  ],
  "C5": [
    0.803913498942701,
    0.4466424114456932
  ],
  "C6": [
    0.1537104222317062,
    0.4429677366177039
  ],
  "C7": [
    0.13001335213040588,
    0.5133040248989009
  ],
  "C8": [
    0.27650433093844423,
    0.4725089776958067
  ],
  "C9": [
    0.7235172442129728,
    0.5451898089197103
  ],
  "C10": [
    0.8344626178690606,
    0.5714486898780238
  ],
  "C11": [
    0.22911019073584354,
    0.42092903295626216
  ],
  "C12": [
    0.2732729122882669,
    0.5437830831540863
  ],
  "C13": [
    0.7332115001635048,
    0.46641316604476957
  ],
  "C14": [
    0.2011045624343068,
    0.5611327009301149
  ],
  "C15": [
    0.7752199426158098,
    0.591142850596759
  ],
  "C16": [
    0.5964147773059983,
    0.5128351163103596
  ],
  "C17": [
    0.4025296582953595,
    0.4992367672426615
  ],
  "C18": [
    0.3502929052865399,
    0.4540076149066511
  ]
}