{
  "C1": [
    0.5221100528234772,
    0.3879351352836343
  ],
  "C2": [
    0.7061417674434736,
    0.49736957244153657
  ],
  "C3": [
    0.8924455197555079,
    0.5862377318670505
  ],
  "C4": [
    0.7724712951382191,
    0.5257781900729418
  ],
  "C5": [
    0.5821091020250025,
    0.42930414352884083
  ],
  "C6": [
    0.6424133976975417,
    0.3853133584509939
  ],
  "C7": [
    0.8295027600743605,
    0.48963940034474407
  ],
  "C8": [
    0.8858849521561735,
    0.5191319932916295
  ],
  "C9": [
    0.7032582939886052,
    0.41881382976338294
  ],
  "C10": [
    0.9497173388835772,
    0.6914503192313743
  ]
}