{
  "C1": [
    0.3088476022105691,
    0.4358619536181793
  ],
  "C2": [
    0.22008604711562643,
    0.5781847600816178
  ],
  "C3": [
    0.7525985464057399,
    0.4787971084631085
  ],
  "C4": [
    0.594465149797825,
    0.5347276348306103
  ],
  "C5": [
    0.2835305492068119,
    0.7419504743021579
  ],
  "C6": [
    0.5863745099224053,
    0.6944136052956886
  ],
  "C7": [
    0.034004187208752645,
    0.37445391005983775
  ],
  "C8": [
    0.21315131889966699,
    0.31229031212830105
  ],
  "C9": [
    0.43452235418352764,
    0.7911844704627291
  ],
  "C10": [
    0.46481038484642767,
    0.40736405014123955
  ],
  "C11": [
    0.6994078192035774,
    0.3196036765908348
  ],
  "C12": [
    0.07452556223407852,
    0.5280345637730463
  ],
  "C13": [
    0.8085290727732418,
    0.6369305050710233
  ],
  "C14": [
    0.15781065207487588,
    0.8553213291116493
  ],
  "C15": [
    0.2413564881627848,
    0.14467867088835107
  ]
}