{
  "C1": [
    0.3055634433261874,
    0.43108279796825777
  ],
  "C2": [
    0.227528704861781,
    0.5699693730551276
  ],
  "C3": [
    0.7525985464057399,
    0.4787971084631085
  ],
  "C4": [
    0.594465149797825,
    0.5347276348306103
  ],
  "C5": [
    0.2769507058892384,
    0.745155848448793
  ],
  "C6": [
    0.05730018563967374,
    0.5377476705964205
  ],
  "C7": [
    0.47546197737570867,
    0.41652171342235766
  ],
  "C8": [
    0.20021654639923875,
    0.3111353013023247
  ],
  "C9": [
    0.4499277094853393,
    0.792503544501135
  ],
  "C10": [
    0.040245332547205595,
    0.3616395104248229
  ],
  "C11": [
    0.6966680200382384,
    0.3206637118551936
  ],
  "C12": [
    0.5762453034207377,
    0.7014682480611526
  ],
  "C13": [
    0.8085290727732418,
    0.6369305050710233
  ],
  "C14": [
    0.1651009140902559,
    0.8414294970885552
  ],
  "C15": [
    0.23143044178500133,
    0.1469966216542058
  ]
}