{
  "C1": [
    0.5994216676651585,
    0.6474006385002863
  ],
  "C2": [
    0.18377800840002664,
    0.5903551569505858
  ],
  "C3": [
    0.23219774438469995,
    0.4746755410315817
  ],
  "C4": [
    0.7177875029477394,
    0.605978743205035
  ],
  "C5": [
    0.9545191735129006,
    0.5231349526145324
  ],
  "C6": [
    0.6025687361311619,
    0.19981248551572545
  ],
  "C7": [
    0.4793499681886568,
    0.17650198147302215
  ],
  "C8": [
    0.4389749908366549,
    0.38992314799548
  ],
  "C9": [
    0.8615203395902771,
    0.4423498092426207
  ],
  "C10": [
    0.7410980069904428,
    0.48275997526253017
  ],
  "C11": [
    0.3903496867909371,
    0.27879872459396826
  ],
  "C12": [
    0.35717811818940154,
    0.48497847923535725
  ],
  "C13": [
    0.38600050114270085,
    0.607025661148284
  ],
  "C14": [
    0.3681552887065188,
    0.8234980185269777
  ],
  "C15": [
    0.5043663364252815,
    0.5656037658530328
  ]
}