{
  "C1": [
    0.2447444646037032,
    0.331901281546059
  ],
  "C2": [
    0.6121226455552925,
    0.7429288270108151
  ],
  "C3": [
    0.3020781966397835,
    0.6643831514920396
  ],
  "C4": [
    0.5322632922808125,
    0.2506285907620605
  ],
  "C5": [
    0.34328023358398385,
    0.49263480283630234
  ],
  "C6": [
    0.5970333742418361,
    0.3792593184948644
  ],
  "C7": [
    0.5251229714542073,
    0.4351496201882499
  ],
  "C8": [
    0.6983382935970329,
    0.19907908731178192
  ],
  "C9": [
    0.6593209243648298,
    0.5668128599849716
  ],
  "C10": [
    0.3589798453322557,
    0.18681760819922744
  ],
  "C11": [
    0.6724991805664676,
    0.283414613257046
  ],
  "C12": [
    0.944989840136848,
    0.48265189018469845
  ],
  "C13": [
    0.8550433735376217,
    0.3146346862289418
  ],
  "C14": [
    0.9545454545454544,
    0.23571455357288498
  ],
  "C15": [
    0.8286544684891236,
    0.49739852338593754
  ]
}