{
  "C1": [
    0.760106983282288,
    0.27282615330900867
  ],
  "C2": [
    0.15771364917915384,
    0.24111124790171673
  ],
  "C3": [
    0.44900352805514243,
    0.3177286971370107
  ],
  "C4": [
    0.4749280238215385,
    0.4973443607582258
  ],
  "C5": [
    0.33233854409116353,
    0.6096034644828343
  ],
  "C6": [
    0.6434419993183091,
    0.5647009206548325
  ],
  "C7": [
    0.3582630398575595,
    0.7892191281040496
  ],
  "C8": [
    0.07795236672570195,
    0.4041204621204599
  ],
  "C9": [
    0.6530761798265138,
    0.7459445770211481
  ],
  "C10": [
    0.786031479048684,
    0.45244181693022384
  ],
  "C11": [
    0.045454545454545386,
    0.09852176817134194
  ],
  "C12": [
    0.15566775614138925,
    0.5681149264989854
  ],
  "C13": [
    0.5162846999815441,
    0.8573998234053541
  ],
  "C14": [
    0.21567356012718478,
    0.9014782318286584
  ],
  "C15": [
    0.9545454545454546,
    0.5197983768268306
  ]
}