{
  "C1": [
    0.19424870217197887,
    0.5148008384901884
  ],
  "C2": [
    0.7251196529743399,
    0.518073853068397
  ],
  "C3": [
    0.3957855569886722,
    0.47639930672226916
  ],
  "C4": [
    0.6867181212064206,
    0.3165369982517036
  ],
  "C5": [
    0.5453134398536099,
    0.6168741932232267
  ]
}