{
  "C1": [
    0.13652818732832797,
    0.4409025330849154
  ],
  "C2": [
    0.36964582548857555,
    0.642942848316893
  ],
  "C3": [
    0.5883376430007741,
    0.4956693812101606
  ],
  "C4": [
    0.3186970068721435,
    0.4795894188732187
  ],
  "C5": [
    0.7507843797157778,
    0.41202335721214933
  ],
  "C6": [
    0.48629385587491475,
    0.5083523171722243
  ],
  "C7": [
    0.734383912492875,
    0.5976098600900293
  ],
  "C8": [
    0.9109500012607097,
    0.34465030107381367
  ],
  "C9": [
    0.6319330962855186,
    0.5887995471527975
  ],
  "C10": [
    0.8084991850533534,
    0.335839988136582
  ],
  "C11": [
    0.8956900916228431,
    0.5221003200218558
  ],
  "C12": [
    0.7932392754154867,
    0.5132900070846241
  ],
  "C13": [
    0.9545454545454546,
    0.4377804670164506
  ],
  "C14": [
    0.2919399461018265,
    0.5755960765729004
  ],
  "C15": [
    0.40858797648816564,
    0.44100554542823167
  ],
  "C16": [
    0.2337051422148722,
    0.40728065338457725
  ],
  "C17": [
    0.1947629912152823,
    0.6092179562732386
  ],
  "C18": [
    0.5568327810445901,
    0.6590400910453286
  ],
  "C19": [
    0.3135222495182149,
    0.34244994509497007
  ],
  "C20": [
    0.297285762845748,
    0.2409109483688833
  ]
}