{
  "C1": [
    0.13652818732832797,
    0.44090253308491534
  ],
  "C2": [
    0.3696458254885755,
    0.6429428483168931
  ],
  "C3": [
    0.5883376430007741,
    0.49566938121016063
  ],
  "C4": [
    0.3112557005399296,
    0.47866935365094354
  ],
  "C5": [
    0.7463273060750074,
    0.42016243795067365
  ],
  "C6": [
    0.48629385587491486,
    0.5083523171722245
  ],
  "C7": [
    0.734383912492875,
    0.5976098600900294
  ],
  "C8": [
    0.9109500012607097,
    0.34465030107381367
  ],
  "C9": [
    0.6319330962855187,
    0.5887995471527977
  ],
  "C10": [
    0.8084991850533533,
    0.3358399881365821
  ],
  "C11": [
    0.8956900916228431,
    0.5221003200218558
  ],
  "C12": [
    0.7932392754154867,
    0.5132900070846241
  ],
  "C13": [
    0.9545454545454546,
    0.4377804670164506
  ],
  "C14": [
    0.29193994610182633,
    0.5755960765729005
  ],
  "C15": [
    0.40858797648816564,
    0.44100554542823184
  ],
  "C16": [
    0.23370514221487224,
    0.40728065338457725
  ],
  "C17": [
    0.19476299121528196,
    0.6092179562732386
  ],
  "C18": [
    0.5568327810445903,
    0.6590400910453289
  ],
  "C19": [
    0.313522249518215,
    0.3424499450949702
  ],
  "C20": [
    0.2972857628457482,
    0.24091094836888347
  ]
}