{
  "C1": [
    0.2513869136150949,
    0.467306461060633
  ],
  "C2": [
    0.5966225532238278,
    0.39597510337474107
  ],
  "C3": [
    0.8137518863110813,
    0.6612385897691515
  ],
  "C4": [
    0.6226780731942984,
    0.6010527567216802
  ],
  "C5": [
    0.9375156061708158,
    0.34470569003800633
  ],
  "C6": [
    0.9613998328104137,
    0.5364087138188407
  ],
  "C7": [
    0.7399279130614151,
    0.29120717177358735
  ],
  "C8": [
    0.260072086938585,
    0.6434057503476786
  ],
  "C9": [
    0.47720142002583854,
    0.7214244228166228
  ]
}