{
  "C1": [
    0.8034213880042753,
    0.4093623369031992
  ],
  "C2": [
    0.15637039435488587,
    0.5067722851964398
  ],
  "C3": [
    0.20479009286134883,
    0.41952076469785915
  ],
  "C4": [
    0.7550016894978122,
    0.49661385740178
  ],
  "C5": [
    0.35591415940252796,
    0.5033861425982199
  ],
  "C6": [
    0.6038776229566333,
    0.41274847950141924
  ],
  "C7": [
    0.6552298069739912,
    0.49830692870089005
  ],
  "C8": [
    0.30749446089606497,
    0.5906376630968007
  ],
  "C9": [
    0.6522973214630962,
    0.3254969590028385
  ],
  "C10": [
    0.7520692039869172,
    0.3238038877037286
  ],
  "C11": [
    0.21013234032851674,
    0.5832199173002073
  ],
  "C12": [
    0.3143544202103984,
    0.41603704772389816
  ],
  "C13": [
    0.04631395949212178,
    0.3886362704629844
  ],
  "C14": [
    0.7579341750087074,
    0.6694238270998314
  ],
  "C15": [
    0.455686041926349,
    0.50169307129911
  ],
  "C16": [
    0.9545454545454544,
    0.49322771480356004
  ],
  "C17": [
    0.6068101084675281,
    0.5855584491994708
  ],
  "C18": [
    0.4586185274372442,
    0.6745030409971615
  ],
  "C19": [
    0.5041057404328122,
    0.41444155080052913
  ],
  "C20": [
    0.3588466449134231,
    0.6761961122962714
  ]
}