{
  "C1": [
    0.8034213880042755,
    0.4093623369031992
  ],
  "C2": [
    0.1563703943548859,
    0.5067722851964396
  ],
  "C3": [
    0.20479009286134897,
    0.4195207646978589
  ],
  "C4": [
    0.7550016894978124,
    0.49661385740177993
  ],
  "C5": [
    0.3559141594025281,
    0.5033861425982199
  ],
  "C6": [
    0.6038776229566333,
    0.41274847950141946
  ],
  "C7": [
    0.6552298069739914,
    0.4983069287008901
  ],
  "C8": [
    0.307494460896065,
    0.5906376630968007
  ],
  "C9": [
    0.6522973214630962,
    0.3254969590028385
  ],
  "C10": [
    0.7520692039869172,
    0.3238038877037285
  ],
  "C11": [
    0.2195494307457711,
    0.5840174640439054
  ],
  "C12": [
    0.961730404893845,
    0.7926125471873948
  ],
  "C13": [
    0.04631395949212202,
    0.3886362704629842
  ],
  "C14": [
    0.7579341750087077,
    0.6694238270998314
  ],
  "C15": [
    0.45568604192634915,
    0.50169307129911
  ],
  "C16": [
    0.9545454545454546,
    0.49322771480355976
  ],
  "C17": [
    0.6068101084675284,
    0.5855584491994708
  ],
  "C18": [
    0.4586185274372442,
    0.6745030409971615
  ],
  "C19": [
    0.5041057404328122,
    0.41444155080052913
  ],
  "C20": [
    0.3588466449134231,
    0.6761961122962714
  ]
}