{
    "c13": {
        "ppm": {
            "1": 177.7,
            "2": 58.6,
            "3": 26.4,
            "4": 11.2
        },
        "numProtons": {
            "1": 0,
            "2": 0,
            "3": 0,
            "4": 0
        },
        "attached_protons": {
            "1": 0,
            "2": 1,
            "3": 2,
            "4": 3
        },
        "ppmH1s": {
            "1": null,
            "2": null,
            "3": null,
            "4": null
        },
        "max_bonds": {
            "1": 4,
            "2": 4,
            "3": 4,
            "4": 4
        },
        "label": {
            "1": "C1",
            "2": "C2",
            "3": "C3",
            "4": "C4"
        },
        "f2C_i": {
            "1": "C1",
            "2": "C2",
            "3": "C3",
            "4": "C4"
        },
        "f1C_i": {
            "1": "C1",
            "2": "C2",
            "3": "C3",
            "4": "C4"
        },
        "f1_i": {
            "1": 1,
            "2": 2,
            "3": 3,
            "4": 4
        },
        "f2_i": {
            "1": 1,
            "2": 2,
            "3": 3,
            "4": 4
        },
        "x": {
            "1": 0.7451503579198495,
            "2": 0.49261555513851574,
            "3": 0.29798934823587914,
            "4": 0.04545454545454544
        },
        "y": {
            "1": 0.45258054615458465,
            "2": 0.5315144956822186,
            "3": 0.3522799158977074,
            "4": 0.4312138654253414
        },
        "predicted": {
            "1": 176.1,
            "2": 57.2,
            "3": 25.0,
            "4": 9.7
        },
        "C": {
            "1": 4,
            "2": 2,
            "3": 1,
            "4": 0
        },
        "attached_protons_predicted": {
            "1": 0,
            "2": 1,
            "3": 2,
            "4": 3
        }
    },
    "h1": {
        "ppm": {
            "1": 3.7,
            "2": 1.89,
            "3": 0.96
        },
        "integral": {
            "1": 0.94,
            "2": 2.0,
            "3": 3.0
        },
        "numProtons": {
            "1": 1,
            "2": 2,
            "3": 3
        },
        "jCouplingClass": {
            "1": "t",
            "2": "td",
            "3": "t"
        },
        "jCouplingVals": {
            "1": "7, 7",
            "2": "7.0, 7.0, 5.0",
            "3": "5, 5"
        },
        "range": {
            "1": "3.74 .. 3.66",
            "2": "1.93 .. 1.85",
            "3": "1.00 .. 0.92"
        },
        "label": {
            "1": "H1",
            "2": "H2",
            "3": "H3"
        },
        "f1H_i": {
            "1": "H1",
            "2": "H2",
            "3": "H3"
        },
        "f2H_i": {
            "1": "H1",
            "2": "H2",
            "3": "H3"
        },
        "f1_i": {
            "1": 1,
            "2": 2,
            "3": 3
        },
        "f2_i": {
            "1": 1,
            "2": 2,
            "3": 3
        }
    },
    "hsqc": {
        "f2_ppm": {
            "1": 3.7,
            "2": 1.89,
            "3": 0.96
        },
        "f1_ppm": {
            "1": 58.6,
            "2": 26.4,
            "3": 11.2
        },
        "intensity": {
            "1": 0.2,
            "2": -0.2,
            "3": 0.2
        },
        "signaltype": {
            "1": "Compound",
            "2": "Compound",
            "3": "Compound"
        },
        "f1_i": {
            "1": 2,
            "2": 3,
            "3": 4
        },
        "f2_i": {
            "1": 1,
            "2": 2,
            "3": 3
        },
        "f2p_i": {
            "1": 2,
            "2": 3,
            "3": 4
        },
        "f1C_i": {
            "1": "C2",
            "2": "C3",
            "3": "C4"
        },
        "f2H_i": {
            "1": "H1",
            "2": "H2",
            "3": "H3"
        },
        "f2Cp_i": {
            "1": "C2",
            "2": "C3",
            "3": "C4"
        },
        "f2p_ppm": {
            "1": 58.6,
            "2": 26.4,
            "3": 11.2
        },
        "f1_ppm_orig": {
            "1": 58.6,
            "2": 26.4,
            "3": 11.2
        },
        "f1_ppm_prob": {
            "1": 79.78845608028654,
            "2": 79.78845608028654,
            "3": 79.78845608028654
        },
        "f2_ppm_orig": {
            "1": 3.7,
            "2": 1.89,
            "3": 0.96
        },
        "f2_ppm_prob": {
            "1": 79.78845608028654,
            "2": 79.78845608028654,
            "3": 79.78845608028654
        },
        "f2_integral": {
            "1": 1,
            "2": 2,
            "3": 3
        }
    },
    "hmbc": {
        "f1_ppm": {
            "1": 26.4,
            "2": 11.2,
            "3": 11.2,
            "4": 58.6,
            "5": 26.4,
            "6": 58.6
        },
        "f2_ppm": {
            "1": 3.7,
            "2": 3.7,
            "3": 1.89,
            "4": 1.89,
            "5": 0.96,
            "6": 0.96
        },
        "intensity": {
            "1": 0,
            "2": 0,
            "3": 0,
            "4": 0,
            "5": 0,
            "6": 0
        },
        "f2p_ppm": {
            "1": 58.6,
            "2": 58.6,
            "3": 26.4,
            "4": 26.4,
            "5": 11.2,
            "6": 11.2
        },
        "f1_i": {
            "1": 3,
            "2": 4,
            "3": 4,
            "4": 2,
            "5": 3,
            "6": 2
        },
        "f2_i": {
            "1": 1,
            "2": 1,
            "3": 2,
            "4": 2,
            "5": 3,
            "6": 3
        },
        "f2p_i": {
            "1": 2,
            "2": 2,
            "3": 3,
            "4": 3,
            "5": 4,
            "6": 4
        },
        "f1_ppm_orig": {
            "1": 26.4,
            "2": 11.2,
            "3": 11.2,
            "4": 58.6,
            "5": 26.4,
            "6": 58.6
        },
        "f1_ppm_prob": {
            "1": 79.78845608028654,
            "2": 79.78845608028654,
            "3": 79.78845608028654,
            "4": 79.78845608028654,
            "5": 79.78845608028654,
            "6": 79.78845608028654
        },
        "f2_ppm_orig": {
            "1": 3.7,
            "2": 3.7,
            "3": 1.89,
            "4": 1.89,
            "5": 0.96,
            "6": 0.96
        },
        "f2_ppm_prob": {
            "1": 79.78845608028654,
            "2": 79.78845608028654,
            "3": 79.78845608028654,
            "4": 79.78845608028654,
            "5": 79.78845608028654,
            "6": 79.78845608028654
        },
        "f1C_i": {
            "1": "C3",
            "2": "C4",
            "3": "C4",
            "4": "C2",
            "5": "C3",
            "6": "C2"
        },
        "f2H_i": {
            "1": "H1",
            "2": "H1",
            "3": "H2",
            "4": "H2",
            "5": "H3",
            "6": "H3"
        },
        "f2Cp_i": {
            "1": "C2",
            "2": "C2",
            "3": "C3",
            "4": "C3",
            "5": "C4",
            "6": "C4"
        }
    },
    "cosy": {
        "f1_ppm": {
            "1": 3.7,
            "2": 1.89,
            "3": 0.96,
            "4": 1.89,
            "5": 3.7,
            "6": 1.89,
            "7": 0.96
        },
        "f2_ppm": {
            "1": 3.7,
            "2": 1.89,
            "3": 0.96,
            "4": 3.7,
            "5": 1.89,
            "6": 0.96,
            "7": 1.89
        },
        "intensity": {
            "1": 1.0,
            "2": 1.6,
            "3": 1.8,
            "4": 0.4,
            "5": 1.1,
            "6": 1.9,
            "7": 1.5
        },
        "f1_i": {
            "1": 1,
            "2": 2,
            "3": 3,
            "4": 2,
            "5": 1,
            "6": 2,
            "7": 3
        },
        "f1p_i": {
            "1": 2,
            "2": 3,