{
  "C1": [
    0.7451503579198495,
    0.45258054615458454
  ],
  "C2": [
    0.49261555513851574,
    0.5315144956822185
  ],
  "C3": [
    0.29798934823587914,
    0.3522799158977074
  ],
  "C4": [
    0.04545454545454544,
    0.43121386542534124
  ]
}