{
  "C1": [
    0.7359959331736211,
    0.5079813249690447
  ],
  "C2": [
    0.5174464118017876,
    0.44754518166811325
  ],
  "C3": [
    0.26400406682637867,
    0.5132886633624738
  ],
  "C4": [
    0.2988968904299543,
    0.3871090383671818
  ],
  "C5": [
    0.42561806291765886,
    0.35423729752000155
  ],
  "C6": [
    0.9545454545454547,
    0.568417468269976
  ],
  "C7": [
    0.8976099292649011,
    0.34892995912657254
  ],
  "C8": [
    0.13728289433867424,
    0.5461604042096541
  ],
  "C9": [
    0.04545454545454535,
    0.4528525200615425
  ]
}