{
  "C1": [
    0.20972411665672572,
    0.4162111511885876
  ],
  "C2": [
    0.5410138214861578,
    0.6530202908700831
  ],
  "C3": [
    0.461394924570926,
    0.41426769120487256
  ],
  "C4": [
    0.9545454545454547,
    0.5151163161703125
  ],
  "C5": [
    0.8749265576302229,
    0.276363716505102
  ],
  "C6": [
    0.7875890864734223,
    0.7034446033528031
  ],
  "C7": [
    0.6283512926429584,
    0.22593940402238188
  ],
  "C8": [
    0.13380190030483574,
    0.6561648751795093
  ],
  "C9": [
    0.338550198012345,
    0.802520972349295
  ]
}