{
  "C1": [
    0.11866359447004582,
    0.2387308680969742
  ],
  "C2": [
    -0.5149769585253459,
    -0.01328102686446786
  ],
  "C3": [
    -0.22121918312277677,
    -0.04288234404663904
  ],
  "C4": [
    0.8732718894009213,
    0.19840896490314375
  ],
  "C5": [
    0.5103686635944698,
    -0.06368340585675614
  ],
  "C6": [
    0.9769585253456219,
    -0.15440768804287552
  ],
  "C7": [
    -1.1543778801843319,
    -0.21993078073285033
  ],
  "C8": [
    -0.1923963133640556,
    0.6117084726399087
  ],
  "C9": [
    -0.15783410138248866,
    0.2387308680969742
  ],
  "C10": [
    -0.6359447004608296,
    0.3244149123838649
  ],
  "C11": [
    -1.1370967741935485,
    -0.6080290989734713
  ],
  "C12": [
    0.5284435177235371,
    0.19098469447757926
  ],
  "C13": [
    -0.44009216589861766,
    0.6469901379345107
  ],
  "C14": [
    0.6082949308755756,
    -0.4316207725004617
  ],
  "C15": [
    0.8444700460829488,
    -0.4769829135935213
  ],
  "C16": [
    -0.9124423963133641,
    -0.043522454259840915
  ],
  "C17": [
    0.13018433179723488,
    -0.40137934510508866
  ],
  "C18": [
    0.2626728110599075,
    -0.7844374254464808
  ],
  "C19": [
    1.3398617511520734,
    -0.5021841030896657
  ],
  "C20": [
    0.9135944700460827,
    0.8788410812990377
  ],
  "C21": [
    0.2453917050691241,
    -0.08384435745367158
  ],
  "C22": [
    -0.653225806451613,
    -0.22497101863207924
  ],
  "C23": [
    -1.4020737327188941,
    0.0018396868332186678
  ]
}