{
  "C1": [
    0.5415074182499038,
    0.42320487337057033
  ],
  "C2": [
    0.2886084237251273,
    0.40855122485961504
  ],
  "C3": [
    0.41082777703131046,
    0.4888837003984253
  ],
  "C4": [
    0.8323261012392714,
    0.513306447916684
  ],
  "C5": [
    0.701646460020678,
    0.5789852749445392
  ],
  "C6": [
    0.7944064127746802,
    0.4378585218815255
  ],
  "C7": [
    0.1160179219860524,
    0.5425472768029284
  ],
  "C8": [
    0.4192880649437206,
    0.34287239783175993
  ],
  "C9": [
    0.45720775340831166,
    0.4183203238669186
  ],
  "C10": [
    0.3265281121897183,
    0.4839991508947737
  ],
  "C11": [
    0.11113337248240071,
    0.6268469416445206
  ],
  "C12": [
    0.7101067479330883,
    0.4329739723778738
  ],
  "C13": [
    0.3351200582100413,
    0.3470474384036233
  ],
  "C14": [
    0.663726771556087,
    0.5035373489093806
  ],
  "C15": [
    0.7868299781712346,
    0.5978845297772274
  ],
  "C16": [
    0.19146584802121094,
    0.5046275883383374
  ],
  "C17": [
    0.5330471303374937,
    0.5692161759372357
  ],
  "C18": [
    0.5709668188020847,
    0.6446641019723944
  ],
  "C19": [
    0.8124423963133641,
    0.3098863878297561
  ],
  "C20": [
    1.0452825612418142,
    0.5909168327946273
  ],
  "C21": [
    0.5794271067144948,
    0.4986527994057288
  ],
  "C22": [
    0.26649069864998826,
    0.543377609040113
  ],
  "C23": [
    0.04545454545454555,
    0.4961673004259272
  ]
}