{
  "C1": [
    0.5415074182499037,
    0.4232048733705701
  ],
  "C2": [
    0.28860842372512713,
    0.40855122485961504
  ],
  "C3": [
    0.4108277770313103,
    0.48888370039842527
  ],
  "C4": [
    0.8323261012392713,
    0.513306447916684
  ],
  "C5": [
    0.701646460020678,
    0.578985274944539
  ],
  "C6": [
    0.7944064127746805,
    0.4378585218815253
  ],
  "C7": [
    0.1160179219860524,
    0.5425472768029285
  ],
  "C8": [
    0.41928806494372045,
    0.34287239783175977
  ],
  "C9": [
    0.45720775340831155,
    0.4183203238669184
  ],
  "C10": [
    0.3265281121897183,
    0.48399915089477347
  ],
  "C11": [
    0.11113337248240077,
    0.6268469416445206
  ],
  "C12": [
    0.7101067479330883,
    0.4329739723778736
  ],
  "C13": [
    0.7859461248622701,
    0.5838698244481908
  ],
  "C14": [
    0.663726771556087,
    0.5035373489093805
  ],
  "C15": [
    0.3349884001021283,
    0.33798784832810824
  ],
  "C16": [
    0.19146584802121092,
    0.5046275883383374
  ],
  "C17": [
    0.5330471303374936,
    0.5692161759372355
  ],
  "C18": [
    0.5709668188020846,
    0.6446641019723941
  ],
  "C19": [
    0.9250860539932735,
    0.37217969485367036
  ],
  "C20": [
    0.9545454545454544,
    0.5936389234554943
  ],
  "C21": [
    0.5794271067144948,
    0.4986527994057286
  ],
  "C22": [
    0.26649069864998826,
    0.543377609040113
  ],
  "C23": [
    0.04545454545454555,
    0.49616730042592744
  ]
}