{
  "C1": [
    0.5415074182499039,
    0.42320487337057017
  ],
  "C2": [
    0.2886084237251273,
    0.4085512248596149
  ],
  "C3": [
    0.4108277770313105,
    0.48888370039842527
  ],
  "C4": [
    0.8323261012392713,
    0.513306447916684
  ],
  "C5": [
    0.701646460020678,
    0.578985274944539
  ],
  "C6": [
    0.7944064127746803,
    0.4378585218815253
  ],
  "C7": [
    0.11601792198605246,
    0.5425472768029281
  ],
  "C8": [
    0.4192880649437207,
    0.34287239783175977
  ],
  "C9": [
    0.45720775340831166,
    0.4183203238669184
  ],
  "C10": [
    0.32652811218971833,
    0.48399915089477347
  ],
  "C11": [
    0.11113337248240068,
    0.6268469416445204
  ],
  "C12": [
    0.7101067479330883,
    0.4329739723778736
  ],
  "C13": [
    0.32377154896788224,
    0.34112217546880796
  ],
  "C14": [
    0.663726771556087,
    0.5035373489093805
  ],
  "C15": [
    0.7906794007799138,
    0.5841736818708303
  ],
  "C16": [
    0.19146584802121094,
    0.5046275883383372
  ],
  "C17": [
    0.5330471303374937,
    0.5692161759372356
  ],
  "C18": [
    0.5709668188020847,
    0.6446641019723941
  ],
  "C19": [
    0.9250860539932738,
    0.3721796948536703
  ],
  "C20": [
    0.9545454545454544,
    0.5936389234554942
  ],
  "C21": [
    0.5794271067144948,
    0.4986527994057288
  ],
  "C22": [
    0.26649069864998826,
    0.543377609040113
  ],
  "C23": [
    0.04545454545454555,
    0.49616730042592716
  ]
}