{
  "C1": [
    0.5444299787529114,
    0.44425436357816955
  ],
  "C2": [
    0.2877270784757079,
    0.43000022443418817
  ],
  "C3": [
    0.4069105678901238,
    0.5094161425220844
  ],
  "C4": [
    0.8435346973794746,
    0.5372456522793814
  ],
  "C5": [
    0.701431306154594,
    0.603086199753962
  ],
  "C6": [
    0.7976948937585454,
    0.46054480831414824
  ],
  "C7": [
    0.1146818198067001,
    0.5610025508526837
  ],
  "C8": [
    0.4218085040669258,
    0.3661959825516048
  ],
  "C9": [
    0.46306432732576214,
    0.4408605209248406
  ],
  "C10": [
    0.32554491646297445,
    0.5039859942767582
  ],
  "C11": [
    0.11124383453513041,
    0.6417760060019115
  ],
  "C12": [
    0.7094532717882567,
    0.4625811139061456
  ],
  "C13": [
    0.33937849666076353,
    0.3505917146792764
  ],
  "C14": [
    0.6624674730768042,
    0.5263853557887289
  ],
  "C15": [
    0.7958817166775409,
    0.6062692733619232
  ],
  "C16": [
    0.18802550560018683,
    0.5216339760740685
  ],
  "C17": [
    0.5341160229382024,
    0.5922259032633096
  ],
  "C18": [
    0.5707878658349458,
    0.6696055157592086
  ],
  "C19": [
    0.8080088495732545,
    0.3186821854050002
  ],
  "C20": [
    0.9524042309791815,
    0.6159828018366119
  ],
  "C21": [
    0.5811018216496548,
    0.5189189019514053
  ],
  "C22": [
    0.2670991668462897,
    0.5630388564446811
  ],
  "C23": [
    0.04821410455635275,
    0.5128099851754133
  ]
}