{
  "C1": [
    0.09953917050691219,
    0.2111456460744947
  ],
  "C2": [
    -0.40176622102293624,
    -0.006592631172191332
  ],
  "C3": [
    -0.22121918312277677,
    -0.04288234404663904
  ],
  "C4": [
    0.7246902980497976,
    0.1385662203255993
  ],
  "C5": [
    0.4224702563473568,
    -0.10336519883738515
  ],
  "C6": [
    0.8031890101803016,
    -0.13159053107306673
  ],
  "C7": [
    -0.8963081074451121,
    -0.20416995682196193
  ],
  "C8": [
    -0.20944437630320123,
    0.5296886813057577
  ],
  "C9": [
    -0.056371887648718255,
    0.22727440735202697
  ],
  "C10": [
    -0.5077394823991168,
    0.26759631054585764
  ],
  "C11": [
    -0.9237826566907885,
    -0.5590027049276726
  ],
  "C12": [
    0.5284435177235371,
    0.19098469447757926
  ],
  "C13": [
    -0.37429167177725975,
    0.5619462038608223
  ],
  "C14": [
    0.5009689684778609,
    -0.3452966180003696
  ],
  "C15": [
    0.6972157488041213,
    -0.3775541405554341
  ],
  "C16": [
    -0.7314608119710535,
    -0.08723643755985289
  ],
  "C17": [
    0.06922605176008845,
    -0.30094252448715575
  ],
  "C18": [
    0.17912424874279398,
    -0.6073889887602695
  ],
  "C19": [
    1.1054090518827424,
    -0.39771509215234957
  ],
  "C20": [
    0.7364651048693731,
    0.6748475328035481
  ],
  "C21": [
    0.20659879798847047,
    -0.07110767628232062
  ],
  "C22": [
    -0.5469888384643689,
    -0.20416995682196193
  ],
  "C23": [
    -1.0964798233778976,
    -0.04288234404663904
  ]
}