{
  "C1": [
    0.5421516579276402,
    0.4452878260355774
  ],
  "C2": [
    0.2891890207374172,
    0.42933460112039357
  ],
  "C3": [
    0.41106503998291666,
    0.5103352369163319
  ],
  "C4": [
    0.832669435299955,
    0.5369239451083051
  ],
  "C5": [
    0.7015828173552314,
    0.6019713559890597
  ],
  "C6": [
    0.795114295117863,
    0.4612410509507614
  ],
  "C7": [
    0.11581969797369458,
    0.5625226067186238
  ],
  "C8": [
    0.42027563868214074,
    0.3642871902396391
  ],
  "C9": [
    0.45783077886423257,
    0.4399700843971829
  ],
  "C10": [
    0.32674416091950903,
    0.5050174952779373
  ],
  "C11": [
    0.11050195633530002,
    0.6468434857820313
  ],
  "C12": [
    0.7107934160544555,
    0.45592330931236674
  ],
  "C13": [
    0.313388404488631,
    0.3525138166722366
  ],
  "C14": [
    0.6640276771731396,
    0.5262884618315159
  ],
  "C15": [
    0.7847159771516319,
    0.6048248906296504
  ],
  "C16": [
    0.19150259213123833,
    0.5249674665365318
  ],
  "C17": [
    0.5329410592284162,
    0.5913358727122704
  ],
  "C18": [
    0.5704961994105079,
    0.6670187668698142
  ],
  "C19": [
    0.8043248938170874,
    0.3151930042740686
  ],
  "C20": [
    0.9545454545454547,
    0.6179245809042433
  ],
  "C21": [
    0.5797067981097319,
    0.5209707201931213
  ],
  "C22": [
    0.2663706278013005,
    0.5641218565466551
  ],
  "C23": [
    0.04545454545454545,
    0.5157568678373079
  ]
}