{
  "C1": [
    0.7544010556024935,
    0.37525594947586777
  ],
  "C2": [
    0.6009639698313111,
    0.31363548653505435
  ],
  "C3": [
    0.49423419723190704,
    0.579396314856046
  ],
  "C4": [
    0.8244620253601611,
    0.8663278863685757
  ],
  "C5": [
    0.6357058331795336,
    0.6487022851696975
  ],
  "C6": [
    0.9545454545454546,
    0.7642577036784866
  ],
  "C7": [
    0.7790111930171207,
    0.5374536927734151
  ],
  "C8": [
    0.9311917979595653,
    0.6005670580475839
  ],
  "C9": [
    0.6710249395889787,
    0.8047074234277622
  ],
  "C10": [
    0.47088054064601775,
    0.4157056692251434
  ],
  "C11": [
    0.21071368227543125,
    0.6198460346053216
  ],
  "C12": [
    0.187360025689542,
    0.45615538897441893
  ],
  "C13": [
    0.176673442957807,
    0.7816523473690462
  ],
  "C14": [
    0.31744345487483533,
    0.35408520628432993
  ]
}