{
  "C1": [
    0.1686875041615156,
    0.5215235720842647
  ],
  "C2": [
    0.5038504228359613,
    0.5627631374741107
  ],
  "C3": [
    0.8303793521487906,
    0.4766600473452786
  ],
  "C4": [
    0.7244143721650529,
    0.547808629227782
  ],
  "C5": [
    0.6011814134580826,
    0.3642719000729291
  ],
  "C6": [
    0.7071463934418203,
    0.2931233181904258
  ],
  "C7": [
    0.6098154028196989,
    0.49161455559160727
  ],
  "C8": [
    0.8217453627871742,
    0.34931739182660054
  ],
  "C9": [
    0.04545454545454542,
    0.3379868429294117
  ],
  "C10": [
    0.2832864735068696,
    0.5777176457204394
  ]
}