{
  "C1": [
    0.3688387071548664,
    0.3232736101145438
  ],
  "C2": [
    0.45201416115421955,
    0.6935298826942373
  ],
  "C3": [
    0.22879454652920925,
    0.43975470357897106
  ],
  "C4": [
    0.26646891761720104,
    0.6153067265154288
  ],
  "C5": [
    0.921209029868519,
    0.2885077629239623
  ],
  "C6": [
    0.9574649969964423,
    0.49188796898886433
  ],
  "C7": [
    0.5954745486785366,
    0.5597452964210289
  ],
  "C8": [
    0.7230255991265868,
    0.2748670657212156
  ],
  "C9": [
    0.5557619989493934,
    0.3709705497499894
  ],
  "C10": [
    0.7872818543682609,
    0.5803110220526085
  ],
  "C11": [
    0.6441947146489393,
    0.450931494948634
  ],
  "C12": [
    0.5359993328961234,
    0.17907883909741387
  ],
  "C13": [
    0.0454545454545455,
    0.37975940715794204
  ]
}