{
  "C1": [
    0.37319354999533966,
    0.3142918143724809
  ],
  "C2": [
    0.462933499229407,
    0.6630865086247336
  ],
  "C3": [
    0.22879454652920925,
    0.43975470357897106
  ],
  "C4": [
    0.2782512848636452,
    0.6267866083179381
  ],
  "C5": [
    0.922037877194998,
    0.29693099248662214
  ],
  "C6": [
    0.9610552464272013,
    0.48158700709075597
  ],
  "C7": [
    0.5954745486785366,
    0.5597452964210289
  ],
  "C8": [
    0.7230255991265868,
    0.2748670657212156
  ],
  "C9": [
    0.5557619989493934,
    0.3709705497499894
  ],
  "C10": [
    0.7872818543682609,
    0.5803110220526085
  ],
  "C11": [
    0.6441947146489393,
    0.450931494948634
  ],
  "C12": [
    0.5359993328961234,
    0.17907883909741387
  ],
  "C13": [
    0.0454545454545455,
    0.37975940715794204
  ]
}