{
  "C1": [
    0.3757947079441532,
    0.3079787882321686
  ],
  "C2": [
    0.4499277094853393,
    0.6757125609053581
  ],
  "C3": [
    0.22879454652920925,
    0.43975470357897106
  ],
  "C4": [
    0.2730489689660181,
    0.6267866083179381
  ],
  "C5": [
    0.922037877194998,
    0.2921962228813879
  ],
  "C6": [
    0.9480494566831335,
    0.4784304940205998
  ],
  "C7": [
    0.5954745486785366,
    0.5597452964210289
  ],
  "C8": [
    0.7230255991265868,
    0.2748670657212156
  ],
  "C9": [
    0.5591763433355083,
    0.3616395104248229
  ],
  "C10": [
    0.7872818543682609,
    0.5803110220526085
  ],
  "C11": [
    0.6489162925695756,
    0.45317838945935074
  ],
  "C12": [
    0.5359993328961234,
    0.17907883909741387
  ],
  "C13": [
    0.0454545454545455,
    0.37975940715794204
  ]
}