{
  "C1": [
    0.6238116937664014,
    0.5443162829551804
  ],
  "C2": [
    0.2217112604646109,
    0.43577419232363745
  ],
  "C3": [
    0.45409487973776924,
    0.37396884093538196
  ],
  "C4": [
    0.391428074493243,
    0.606121634343436
  ],
  "C5": [
    0.2573945967259796,
    0.5699409374662548
  ],
  "C6": [
    0.48977821599913796,
    0.5081355860779994
  ],
  "C7": [
    0.32006140197050575,
    0.337788144058201
  ],
  "C8": [
    0.8561953130395598,
    0.482510931566925
  ],
  "C9": [
    0.42711141075461173,
    0.7402883794860534
  ],
  "C10": [
    0.9545454545454546,
    0.38452488330148854
  ]
}