{
  "C1": [
    0.6238116937664016,
    0.5443162829551804
  ],
  "C2": [
    0.22171126046461098,
    0.43577419232363745
  ],
  "C3": [
    0.45409487973776935,
    0.3739688409353821
  ],
  "C4": [
    0.39142807449324307,
    0.6061216343434359
  ],
  "C5": [
    0.25739459672597964,
    0.5699409374662548
  ],
  "C6": [
    0.48977821599913796,
    0.5081355860779995
  ],
  "C7": [
    0.32006140197050587,
    0.337788144058201
  ],
  "C8": [
    0.8561953130395598,
    0.48251093156692504
  ],
  "C9": [
    0.4271114107546118,
    0.7402883794860535
  ],
  "C10": [
    0.9545454545454546,
    0.38452488330148854
  ]
}