{
  "C1": [
    0.8441321493413464,
    0.39438128773537806
  ],
  "C2": [
    0.6951866929078924,
    0.7451286581761256
  ],
  "C3": [
    0.6250947134097964,
    0.5772863582106146
  ],
  "C4": [
    0.8042186610160418,
    0.6084878114093313
  ],
  "C5": [
    0.13737135606887838,
    0.5245666614265758
  ],
  "C6": [
    0.9035156319716778,
    0.5665272364179536
  ],
  "C7": [
    0.726338683795935,
    0.5407053441155673
  ],
  "C8": [
    0.9190916274156992,
    0.46001193067060997
  ],
  "C9": [
    0.6065982188200211,
    0.6816498395994259
  ],
  "C10": [
    0.044888883120001694,
    0.4589360184913439
  ],
  "C11": [
    0.7380206803789511,
    0.43203821400969145
  ],
  "C12": [
    0.5384532387524277,
    0.5084279787375844
  ],
  "C13": [
    0.4420767669425457,
    0.5536162902667604
  ],
  "C14": [
    0.340832796556407,
    0.5654513242386875
  ],
  "C15": [
    0.9512171180189931,
    0.24590540699665675
  ],
  "C16": [
    0.25419132189903837,
    0.5912732165410738
  ],
  "C17": [
    0.32136280225138036,
    0.4739987890010693
  ],
  "C18": [
    0.31454830424462105,
    0.4137477069621679
  ],
  "C19": [
    0.23180082844825772,
    0.4761506133596014
  ],
  "C20": [
    0.41579227463075974,
    0.44602507234015076
  ]
}