{
    "molecule": {
        "molecule": {
            "1": "C8H9O3N"
        },
        "smiles": {
            "1": "NC(C(=O)O)c1ccc(O)cc1"
        }
    },
    "c13": {
        "ppm": {
            "1": 176.4,
            "2": 159.2,
            "3": 132.4,
            "4": 128.7,
            "5": 118.8,
            "6": 60.7
        },
        "numProtons": {
            "1": 0,
            "2": 0,
            "3": 1,
            "4": 0,
            "5": 1,
            "6": 1
        },
        "attached_protons": {
            "1": 0,
            "2": 0,
            "3": 1,
            "4": 0,
            "5": 1,
            "6": 1
        },
        "CH2": {
            "1": false,
            "2": false,
            "3": false,
            "4": false,
            "5": false,
            "6": false
        },
        "CH3CH": {
            "1": false,
            "2": false,
            "3": true,
            "4": false,
            "5": true,
            "6": true
        },
        "quaternary": {
            "1": true,
            "2": true,
            "3": false,
            "4": true,
            "5": false,
            "6": false
        },
        "ppmH1s": {
            "1": null,
            "2": null,
            "3": null,
            "4": null,
            "5": null,
            "6": null
        },
        "max_bonds": {
            "1": 4,
            "2": 4,
            "3": 4,
            "4": 4,
            "5": 4,
            "6": 4
        },
        "label": {
            "1": "C1",
            "2": "C2",
            "3": "C3",
            "4": "C4",
            "5": "C5",
            "6": "C6"
        },
        "f2C_i": {
            "1": "C1",
            "2": "C2",
            "3": "C3",
            "4": "C4",
            "5": "C5",
            "6": "C6"
        },
        "f1C_i": {
            "1": "C1",
            "2": "C2",
            "3": "C3",
            "4": "C4",
            "5": "C5",
            "6": "C6"
        },
        "f1_i": {
            "1": 1,
            "2": 2,
            "3": 3,
            "4": 4,
            "5": 5,
            "6": 6
        },
        "f2_i": {
            "1": 1,
            "2": 2,
            "3": 3,
            "4": 4,
            "5": 5,
            "6": 6
        },
        "x": {
            "1": 0.21063113201584283,
            "2": 0.7603306882450812,
            "3": 0.5114462506307705,
            "4": 0.4595155696301535,
            "5": 0.6618538099382344,
            "6": 0.30910801032268964
        },
        "y": {
            "1": 0.4336374281087076,
            "2": 0.46983708698441773,
            "3": 0.3798905090196971,
            "4": 0.5235840060734281,
            "5": 0.35301704947519197,
            "6": 0.5504574656179333
        },
        "predicted": {
            "1": 174.0,
            "2": 157.8,
            "3": 124.37,
            "4": 134.8,
            "5": 115.1,
            "6": 55.2
        },
        "C": {
            "1": 2,
            "2": 8,
            "3": 6,
            "4": 5,
            "5": 7,
            "6": 1
        },
        "attached_protons_predicted": {
            "1": 0,
            "2": 0,
            "3": 1,
            "4": 0,
            "5": 1,
            "6": 1
        },
        "expected_idx": {
            "1": 2.0,
            "2": 8.0,
            "3": 6.0,
            "4": 5.0,
            "5": 7.0,
            "6": 1.0
        },
        "expected_ppm": {
            "1": 174.0,
            "2": 157.8,
            "3": 124.37,
            "4": 134.8,
            "5": 115.1,
            "6": 55.2
        }
    },
    "h1": {
        "ppm": {
            "1": 7.31,
            "2": 6.93,
            "3": 4.72
        },
        "integral": {
            "1": 1.0,
            "2": 1.0,
            "3": 1.0
        },
        "numProtons": {
            "1": 1.0,
            "2": 1.0,
            "3": 1.0
        },
        "jCouplingClass": {
            "1": "s",
            "2": "s",
            "3": "s"
        },
        "jCouplingVals": {
            "1": 0.0,
            "2": 0.0,
            "3": 0.0
        },
        "range": {
            "1": 0.0,
            "2": 0.0,
            "3": 0.0
        },
        "label": {
            "1": "H1",
            "2": "H2",
            "3": "H3"
        },
        "f1H_i": {
            "1": "H1",
            "2": "H2",
            "3": "H3"
        },
        "f2H_i": {
            "1": "H1",
            "2": "H2",
            "3": "H3"
        },
        "f1_i": {
            "1": 1,
            "2": 2,
            "3": 3
        },
        "f2_i": {
            "1": 1,
            "2": 2,
            "3": 3
        }
    },
    "hsqc": {
        "f2_ppm": {
            "1": 6.93,
            "2": 7.31,
            "3": 4.72
        },
        "f1_ppm": {
            "1": 118.8,
            "2": 132.4,
            "3": 60.7
        },
        "intensity": {
            "1": 0.0,
            "2": 0.0,
            "3": 0.0
        },
        "signaltype": {
            "1": "Compound",
            "2": "Compound",
            "3": "Compound"
        },
        "f1_i": {
            "1": 5,
            "2": 3,
            "3": 6
        },
        "f2_i": {
            "1": 2,
            "2": 1,
            "3": 3
        },
        "f2p_i": {
            "1": 5,
            "2": 3,
            "3": 6
        },
        "f1C_i": {
            "1": "C5",
            "2": "C3",
            "3": "C6"
        },
        "f2H_i": {
            "1": "H2",
            "2": "H1",
            "3": "H3"
        },
        "f2Cp_i": {
            "1": "C5",
            "2": "C3",
            "3": "C6"
        },
        "f2p_ppm": {
            "1": 118.8,
            "2": 132.4,
            "3": 60.7
        },
        "f1_ppm_orig": {
            "1": 118.8,
            "2": 132.4,
            "3": 60.7
        },
        "f1_ppm_prob": {
            "1": 79.78845608028654,
            "2": 79.78845608028654,
            "3": 79.78845608028654
        },
        "f2_ppm_orig": {
            "1": 6.93,
            "2": 7.31,
            "3": 4.72
        },
        "f2_ppm_prob": {
            "1": 79.78845608028654,
            "2": 79.78845608028654,
            "3": 79.78845608028654
        },
        "CH2": {
            "1": false,
            "2": false,
            "3": false
        },
        "CH3CH": {
            "1": false,
            "2": false,
            "3": false
        },
        "f2_integral": {
            "1": 1,
            "2": 1,
            "3": 1
        }
    },
    "hmbc": {
        "f1_ppm": {
            "1": 159.2,
            "2": 60.7,
            "3": 128.7,
            "4": 132.4,
            "5": 176.4
        },
        "f2_ppm": {
            "1": 7.31,
            "2": 7.31,
            "3": 6.93,
            "4": 4.72,
            "5": 4.72
        },
        "intensity": {
            "1": 1,
            "2": 1,
            "3": 1,
            "4": 1,
            "5": 1
        },
        "f2p_ppm": {
            "1": 132.4,
            "2": 132.4,
            "3": 118.8,
            "4": 60.7,
            "5": 60.7
        },
        "f1_i": {
            "1": 2,
            "2": 6,
            "3": 4,
            "4": 3,
            "5": 1
        },
        "f2_i": {
            "1": 1,
            "2": 1,
            "3": 2,
            "4": 3,
            "5": 3
        },
        "f2p_i": {
            "1": 3,
            "2": 3,
            "3": 5,
            "4": 6,
            "5": 6
        },
        "f1_ppm_orig": {
            "1": 159.2,
            "2": 60.7,
            "3": 128.7,
            "4": 132.4,
            "5": 176.4
        },
        "f1_ppm_prob": {
            "1": 79.78845608028654,
            "2": 79.78845608028654,
            "3": 79.78845608028654,
            "4": 79.78845608028654,
            "5": 79.78845608028654
        },