{
  "C1": [
    0.21063113201584283,
    0.4336374281087076
  ],
  "C2": [
    0.7603306882450812,
    0.46983708698441773
  ],
  "C3": [
    0.5114462506307705,
    0.3798905090196971
  ],
  "C4": [
    0.4595155696301535,
    0.5235840060734281
  ],
  "C5": [
    0.6618538099382344,
    0.35301704947519197
  ],
  "C6": [
    0.30910801032268964,
    0.5504574656179333
  ]
}