{
  "C1": [
    0.8277731933135101,
    0.45977897156776587
  ],
  "C2": [
    0.7205481835781581,
    0.3753013615062504
  ],
  "C3": [
    0.3996692894929456,
    0.553362504867676
  ],
  "C4": [
    0.35695941589429153,
    0.6830140995807332
  ],
  "C5": [
    0.48655091261086164,
    0.34144452876582604
  ],
  "C6": [
    0.17510614016760243,
    0.4793868338099626
  ],
  "C7": [
    0.35390977951395686,
    0.32874538216900195
  ],
  "C8": [
    0.620497773101627,
    0.6249366429016182
  ],
  "C9": [
    0.045454545454545435,
    0.43667696021130853
  ],
  "C10": [
    0.3087426516296011,
    0.45154887198229077
  ],
  "C11": [
    0.13239626656894837,
    0.6090384285230196
  ],
  "C12": [
    0.5937759223462138,
    0.4259221388273414
  ],
  "C13": [
    0.22332290443229286,
    0.7108520614084048
  ],
  "C14": [
    0.9545454545454543,
    0.4091581942466748
  ],
  "C15": [
    0.808225941816918,
    0.5948773589503722
  ],
  "C16": [
    0.23118712128323124,
    0.257322499465574
  ]
}