{
  "C1": [
    0.18546538384043043,
    0.5124559291934183
  ],
  "C2": [
    0.7649160207294559,
    0.5731172312941749
  ],
  "C3": [
    0.7863233759399169,
    0.4394350830910909
  ],
  "C4": [
    0.5342731868464557,
    0.5199058895974477
  ],
  "C5": [
    0.5619531106184908,
    0.3909767074371113
  ],
  "C6": [
    0.634687943199151,
    0.5994770915032337
  ],
  "C7": [
    0.7006939550980726,
    0.34529272520159526
  ],
  "C8": [
    0.31096129276645057,
    0.4719628552746494
  ],
  "C9": [
    0.4087772779204357,
    0.5603989635162167
  ]
}