{
  "C1": [
    0.161296063249424,
    0.512881778518235
  ],
  "C2": [
    0.7524628605887596,
    0.5701189256650309
  ],
  "C3": [
    0.7810643088001298,
    0.43689741259790665
  ],
  "C4": [
    0.5217164312952994,
    0.5205797641928875
  ],
  "C5": [
    0.5503178795066698,
    0.3873582511257633
  ],
  "C6": [
    0.679991818259085,
    0.3455170753282728
  ],
  "C7": [
    0.6227889218363444,
    0.6119601014625213
  ],
  "C8": [
    0.29097000200183915,
    0.47104060272074444
  ],
  "C9": [
    0.39204249254288426,
    0.5624209399903782
  ]
}