{
    "c13": {
        "ppm": {
            "1": 197,
            "2": 152,
            "3": 148,
            "4": 129,
            "5": 124,
            "6": 115,
            "7": 111,
            "8": 56,
            "9": 27
        },
        "numProtons": {
            "1": 0,
            "2": 0,
            "3": 0,
            "4": 0,
            "5": 0,
            "6": 0,
            "7": 0,
            "8": 0,
            "9": 0
        },
        "attached_protons": {
            "1": 0,
            "2": 0,
            "3": 0,
            "4": 0,
            "5": 1,
            "6": 1,
            "7": 1,
            "8": 3,
            "9": 3
        },
        "ppmH1s": {
            "1": null,
            "2": null,
            "3": null,
            "4": null,
            "5": null,
            "6": null,
            "7": null,
            "8": null,
            "9": null
        },
        "max_bonds": {
            "1": 4,
            "2": 4,
            "3": 4,
            "4": 4,
            "5": 4,
            "6": 4,
            "7": 4,
            "8": 4,
            "9": 4
        },
        "label": {
            "1": "C1",
            "2": "C2",
            "3": "C3",
            "4": "C4",
            "5": "C5",
            "6": "C6",
            "7": "C7",
            "8": "C8",
            "9": "C9"
        },
        "f2C_i": {
            "1": "C1",
            "2": "C2",
            "3": "C3",
            "4": "C4",
            "5": "C5",
            "6": "C6",
            "7": "C7",
            "8": "C8",
            "9": "C9"
        },
        "f1C_i": {
            "1": "C1",
            "2": "C2",
            "3": "C3",
            "4": "C4",
            "5": "C5",
            "6": "C6",
            "7": "C7",
            "8": "C8",
            "9": "C9"
        },
        "f1_i": {
            "1": 1,
            "2": 2,
            "3": 3,
            "4": 4,
            "5": 5,
            "6": 6,
            "7": 7,
            "8": 8,
            "9": 9
        },
        "f2_i": {
            "1": 1,
            "2": 2,
            "3": 3,
            "4": 4,
            "5": 5,
            "6": 6,
            "7": 7,
            "8": 8,
            "9": 9
        },
        "x": {
            "1": 0.1892380611571161,
            "2": 0.7303584725495201,
            "3": 0.6937685177879561,
            "4": 0.3696115316212507,
            "5": 0.40620148638281484,
            "6": 0.5865749568469496,
            "7": 0.5133950473238212,
            "8": 0.8009620787289626,
            "9": 0.04545454545454548
        },
        "y": {
            "1": 0.4985125705710089,
            "2": 0.3128478767769549,
            "3": 0.5,
            "4": 0.43662433930632416,
            "5": 0.2494722160832792,
            "6": 0.18758398481859445,
            "7": 0.5618882312646847,
            "8": 0.8124160151814054,
            "9": 0.37324867861264843
        },
        "predicted": {
            "1": 196.35,
            "2": 150.2,
            "3": 146.35,
            "4": 129.95,
            "5": 123.6,
            "6": 113.6,
            "7": 109.6,
            "8": 55.79,
            "9": 26.21
        },
        "C": {
            "1": 5,
            "2": 10,
            "3": 2,
            "4": 4,
            "5": 8,
            "6": 9,
            "7": 3,
            "8": 0,
            "9": 6
        },
        "attached_protons_predicted": {
            "1": 0,
            "2": 0,
            "3": 0,
            "4": 0,
            "5": 1,
            "6": 1,
            "7": 1,
            "8": 3,
            "9": 3
        }
    },
    "h1": {
        "ppm": {
            "1": 9.98,
            "2": 7.52,
            "3": 7.45,
            "4": 6.87,
            "5": 3.8,
            "6": 2.5
        },
        "integral": {
            "1": 1,
            "2": 1,
            "3": 1,
            "4": 1,
            "5": 3,
            "6": 3
        },
        "numProtons": {
            "1": 1,
            "2": 1,
            "3": 1,
            "4": 1,
            "5": 3,
            "6": 3
        },
        "jCouplingClass": {
            "1": "s",
            "2": "d",
            "3": "s",
            "4": "d",
            "5": "s",
            "6": "s"
        },
        "jCouplingVals": {
            "1": 0,
            "2": 7,
            "3": 0,
            "4": 6,
            "5": 0,
            "6": 0
        },
        "range": {
            "1": "10.1 .. 9.42",
            "2": "7.6 .. 7.48",
            "3": "7.47 .. 7.4",
            "4": "6.9 .. 6.8",
            "5": "3.9 .. 3.7",
            "6": "2.6 .. 2.4"
        },
        "label": {
            "1": "H1",
            "2": "H2",
            "3": "H3",
            "4": "H4",
            "5": "H5",
            "6": "H6"
        },
        "f1H_i": {
            "1": "H1",
            "2": "H2",
            "3": "H3",
            "4": "H4",
            "5": "H5",
            "6": "H6"
        },
        "f2H_i": {
            "1": "H1",
            "2": "H2",
            "3": "H3",
            "4": "H4",
            "5": "H5",
            "6": "H6"
        },
        "f1_i": {
            "1": 1,
            "2": 2,
            "3": 3,
            "4": 4,
            "5": 5,
            "6": 6
        },
        "f2_i": {
            "1": 1,
            "2": 2,
            "3": 3,
            "4": 4,
            "5": 5,
            "6": 6
        }
    },
    "hsqc": {
        "f2_ppm": {
            "1": 7.52,
            "2": 6.87,
            "3": 7.45,
            "4": 3.8,
            "5": 2.5
        },
        "f1_ppm": {
            "1": 124,
            "2": 115,
            "3": 111,
            "4": 56,
            "5": 27
        },
        "intensity": {
            "1": 0.2,
            "2": 0.2,
            "3": 0.2,
            "4": 0.2,
            "5": 0.2
        },
        "signaltype": {
            "1": "Compound",
            "2": "Compound",
            "3": "Compound",
            "4": "Compound",
            "5": "Compound"
        },
        "f1_i": {
            "1": 5,
            "2": 6,
            "3": 7,
            "4": 8,
            "5": 9
        },
        "f2_i": {
            "1": 2,
            "2": 4,
            "3": 3,
            "4": 5,
            "5": 6
        },
        "f2p_i": {
            "1": 5,
            "2": 6,
            "3": 7,
            "4": 8,
            "5": 9
        },
        "f1C_i": {
            "1": "C5",
            "2": "C6",
            "3": "C7",
            "4": "C8",
            "5": "C9"
        },
        "f2H_i": {
            "1": "H2",
            "2": "H4",
            "3": "H3",
            "4": "H5",
            "5": "H6"
        },
        "f2Cp_i": {
            "1": "C5",
            "2": "C6",
            "3": "C7",
            "4": "C8",
            "5": "C9"
        },
        "f2p_ppm": {
            "1": 124,
            "2": 115,
            "3": 111,
            "4": 56,
            "5": 27
        },
        "f1_ppm_orig": {
            "1": 124,
            "2": 115,
            "3": 111,
            "4": 56,
            "5": 27
        },
        "f1_ppm_prob": {
            "1": 79.78845608028654,
            "2": 79.78845608028654,
            "3": 79.78845608028654,
            "4": 79.78845608028654,
            "5": 79.78845608028654
        },
        "f2_ppm_orig": {
            "1": 7.52,
            "2": 6.9,
            "3": 7.45,
            "4": 3.8,
            "5": 2.5
        },
        "f2_ppm_prob": {
            "1": 79.78845608028654,
            "2": 1.2151765699642945e-06,
            "3": 79.78845608028654,
            "4": 79.78845608028654,
            "5": 79.78845608028654
        },
        "f2_integral": {
            "1": 1,
            "2": 1,
            "3": 1,
            "4": 3,
            "5": 3
        }
    },
    "hmbc": {
        "f1_ppm": {
            "1": 197,
            "2": 148,