{
  "C1": [
    0.1892380611571161,
    0.4985125705710089
  ],
  "C2": [
    0.7303584725495201,
    0.3128478767769549
  ],
  "C3": [
    0.6937685177879561,
    0.5
  ],
  "C4": [
    0.3696115316212507,
    0.43662433930632416
  ],
  "C5": [
    0.40620148638281484,
    0.2494722160832792
  ],
  "C6": [
    0.5865749568469496,
    0.18758398481859445
  ],
  "C7": [
    0.5133950473238212,
    0.5618882312646847
  ],
  "C8": [
    0.8009620787289626,
    0.8124160151814054
  ],
  "C9": [
    0.04545454545454548,
    0.37324867861264843
  ]
}