{
  "C1": [
    0.19017457273776017,
    0.5022337918678419
  ],
  "C2": [
    0.7344049212400876,
    0.4751608388414067
  ],
  "C3": [
    0.5645447252828221,
    0.43515074158662015
  ],
  "C4": [
    0.04545454545454545,
    0.5457778413221493
  ],
  "C5": [
    0.6746149919355056,
    0.5387099369231074
  ],
  "C6": [
    0.5896848939568728,
    0.5187048882957142
  ],
  "C7": [
    0.07059471412859623,
    0.6293319880312434
  ],
  "C8": [
    0.10524447475912739,
    0.4822287432404487
  ],
  "C9": [
    0.3348946000209747,
    0.45868974241353444
  ],
  "C10": [
    0.3946845293255567,
    0.39514064433183377
  ],
  "C11": [
    0.8193350192187201,
    0.49516588746879997
  ],
  "C12": [
    0.844475187892771,
    0.578720034177894
  ],
  "C13": [
    0.9294052858714036,
    0.5987250828052871
  ],
  "C14": [
    0.9545454545454546,
    0.682279229514381
  ]
}