{
  "C1": [
    0.15036637965636734,
    0.377149438512286
  ],
  "C2": [
    0.17158510057685816,
    0.5610543904476378
  ],
  "C3": [
    0.32024210037438366,
    0.4507259631270045
  ],
  "C4": [
    0.8086505416079417,
    0.487550585035808
  ],
  "C5": [
    0.7449523943951059,
    0.40172342618578455
  ],
  "C6": [
    0.5962953945975805,
    0.512051853506418
  ],
  "C7": [
    0.6599935418104164,
    0.5978790123564415
  ],
  "C8": [
    0.6378771265104061,
    0.4160312438968605
  ],
  "C9": [
    0.763812139701013,
    0.5833421235949072
  ],
  "C10": [
    0.2777626740820388,
    0.5488037562123329
  ],
  "C11": [
    0.10788695336402247,
    0.4752272315976143
  ],
  "C12": [
    0.25654395316154793,
    0.364898804276981
  ],
  "C13": [
    0.49011782109239993,
    0.524302487741723
  ],
  "C14": [
    0.4476383948000551,
    0.6223802808270513
  ],
  "C15": [
    0.3414608212948745,
    0.6346309150623564
  ]
}