{
  "C1": [
    0.15339812645379008,
    0.5151079130708854
  ],
  "C2": [
    0.7779051340818762,
    0.49110613280957804
  ],
  "C3": [
    0.5518974668657964,
    0.42241549241042703
  ],
  "C4": [
    0.5122389071405387,
    0.5529010799165502
  ],
  "C5": [
    0.6847305803364653,
    0.39151801885694115
  ],
  "C6": [
    0.2862312399244588,
    0.4842104395173992
  ],
  "C7": [
    0.37940579366987004,
    0.5837985534700363
  ]
}