{
  "C1": [
    0.4251952884567447,
    0.6282260756531405
  ],
  "C2": [
    0.6369353548922287,
    0.5564837883282312
  ],
  "C3": [
    0.17319427360667125,
    0.4069743763486218
  ],
  "C4": [
    0.24053449460584875,
    0.5936432210812986
  ],
  "C5": [
    0.03764417459839205,
    0.5462955250289566
  ],
  "C6": [
    0.25719461189002923,
    0.48072494278346134
  ],
  "C7": [
    0.1294548837379031,
    0.6262177965432102
  ],
  "C8": [
    0.06732424038892948,
    0.44284552001107647
  ],
  "C9": [
    0.5526734484634743,
    0.483165263625834
  ],
  "C10": [
    0.36408949717449224,
    0.4484436198541165
  ],
  "C11": [
    0.8268057263933286,
    0.5943632111006162
  ],
  "C12": [
    0.7646750830443548,
    0.41099093456848246
  ],
  "C13": [
    0.9326757596110704,
    0.5584920674381616
  ],
  "C14": [
    0.8705451162620967,
    0.37511979090602776
  ],
  "C15": [
    0.9545454545454546,
    0.44887035734086744
  ],
  "C16": [
    0.31932525523900274,
    0.6640972193155948
  ]
}