{
  "C1": [
    0.2207571839852623,
    0.47716792152061394
  ],
  "C2": [
    0.7694981939439761,
    0.4489184001575439
  ],
  "C3": [
    0.6363904086451594,
    0.535184722952074
  ],
  "C4": [
    0.3620199036658025,
    0.5493094836336091
  ],
  "C5": [
    0.49512768896461923,
    0.46304316083907887
  ]
}