{
  "C1": [
    0.5693128783327944,
    0.35434215778787004
  ],
  "C2": [
    1.025711523354886,
    0.24464169084986398
  ],
  "C3": [
    0.5757109901788985,
    0.615794937323451
  ],
  "C4": [
    0.7996449047925415,
    0.3232603588221017
  ],
  "C5": [
    0.6590095653234626,
    0.23660715493519305
  ],
  "C6": [
    0.7325141605113403,
    0.196335081595887
  ],
  "C7": [
    0.6477556112092838,
    0.7393644553186731
  ],
  "C8": [
    0.661019148126953,
    0.5828847972420492
  ],
  "C9": [
    0.7932467929464373,
    0.23732832638733026
  ],
  "C10": [
    0.7287628424732807,
    0.36392084839038025
  ],
  "C11": [
    0.7164694507931884,
    0.6212799606703513
  ],
  "C12": [
    0.7271329705366951,
    0.7017269697582225
  ],
  "C13": [
    0.6482229244347447,
    0.3269170410533685
  ],
  "C14": [
    0.5761266750404359,
    0.6958436452607326
  ],
  "C15": [
    0.2914865893840737,
    0.4379675216317237
  ],
  "C16": [
    0.4349525295646086,
    0.6048248906296504
  ],
  "C17": [
    0.3624405953087623,
    0.573743091663882
  ],
  "C18": [
    0.20675320705356293,
    0.3104619710126676
  ],
  "C19": [
    0.27073432551460375,
    0.5993398672827501
  ],
  "C20": [
    0.14063938464382073,
    0.3634838633660372
  ],
  "C21": [
    0.28992866105291604,
    0.3397154288628026
  ],
  "C22": [
    0.15770101623343163,
    0.42930414352884083
  ],
  "C23": [
    0.15198003508443736,
    0.1833401347213494
  ],
  "C24": [
    0.5714455822814958,
    0.18796311626522755
  ],
  "C25": [
    0.35390977951395686,
    0.8425092356619968
  ],
  "C26": [
    0.0638620424905717,
    0.4750126714196766
  ]
}