{
  "C1": [
    0.7774036446022248,
    0.49968619214036825
  ],
  "C2": [
    0.7970270535451475,
    0.3735354325684439
  ],
  "C3": [
    0.5437066835546915,
    0.4921548035092086
  ],
  "C4": [
    0.5651140387651525,
    0.36035550246391457
  ],
  "C5": [
    0.6775026536200731,
    0.30010439341463724
  ],
  "C6": [
    0.668582922282381,
    0.5542887597162758
  ],
  "C7": [
    0.20475689272239128,
    0.5203975108760572
  ],
  "C8": [
    0.875520689316838,
    0.6804395192882
  ],
  "C9": [
    0.3189294538448503,
    0.4657949433001498
  ],
  "C10": [
    0.4241822836296172,
    0.5411088296117463
  ]
}