{
  "C1": [
    0.782130981943133,
    0.500692112862882
  ],
  "C2": [
    0.7907196493688678,
    0.3670390698493865
  ],
  "C3": [
    0.5506371208575704,
    0.48581610451219776
  ],
  "C4": [
    0.5592257882833052,
    0.35216306149870236
  ],
  "C5": [
    0.6792670525389538,
    0.2927745441672967
  ],
  "C6": [
    0.6620897176874844,
    0.5600806301942874
  ],
  "C7": [
    0.19910199551635943,
    0.5303286134929189
  ],
  "C8": [
    0.8849949113473125,
    0.708609681558467
  ],
  "C9": [
    0.319143259772008,
    0.4709400961615134
  ],
  "C10": [
    0.43059585660192196,
    0.5452046218436033
  ]
}