{
  "C1": [
    0.5548175154755676,
    0.40758758536189016
  ],
  "C2": [
    0.6450464540593761,
    0.5862769166064478
  ],
  "C3": [
    0.35495354594062406,
    0.3963834727096954
  ],
  "C4": [
    0.33554745357329735,
    0.7425580225466157
  ],
  "C5": [
    0.245318514989489,
    0.5638686913020581
  ],
  "C6": [
    0.938945403862286,
    0.7688296964749641
  ],
  "C7": [
    0.5354114231082407,
    0.7537621351988106
  ],
  "C8": [
    0.033742437675171724,
    0.5636563469148154
  ],
  "C9": [
    0.9545454545454546,
    0.4299958106662796
  ],
  "C10": [
    0.8449104235943194,
    0.5974810292586424
  ]
}