{
  "C1": [
    0.4451824845244326,
    0.5921624146381098
  ],
  "C2": [
    0.3549535459406239,
    0.4134730833935522
  ],
  "C3": [
    0.6450464540593761,
    0.6033665272903044
  ],
  "C4": [
    0.6644525464267024,
    0.2571919774533839
  ],
  "C5": [
    0.754681485010511,
    0.4358813086979415
  ],
  "C6": [
    0.15508957640568036,
    0.4022689707413576
  ],
  "C7": [
    0.46458857689175886,
    0.2459878648011893
  ],
  "C8": [
    0.9545454545454546,
    0.44708542135013585
  ],
  "C9": [
    0.06486063782187182,
    0.22357963949680013
  ],
  "C10": [
    0.04545454545454548,
    0.5697541893337205
  ]
}