{
  "C1": [
    0.3782274162617306,
    0.3597571916713738
  ],
  "C2": [
    0.6159958442960324,
    0.5412831799041862
  ],
  "C3": [
    0.390296104129751,
    0.5552189002829205
  ],
  "C4": [
    0.4023647919977717,
    0.7506806088944673
  ],
  "C5": [
    0.29419406895031874,
    0.7565772032272254
  ],
  "C6": [
    0.2238148386431738,
    0.670645170792454
  ],
  "C7": [
    0.2774462340466104,
    0.5621867604722879
  ],
  "C8": [
    0.4527553831053318,
    0.6494658244940104
  ],
  "C9": [
    0.5535365653204518,
    0.44703625569309646
  ],
  "C10": [
    0.7913049933547535,
    0.6285622439259089
  ],
  "C11": [
    0.7792363054867332,
    0.4331005353143621
  ],
  "C12": [
    0.2149869550710297,
    0.4679398362611984
  ],
  "C13": [
    0.8977492864328042,
    0.42016243795067365
  ],
  "C14": [
    0.9084128061763109,
    0.6267649840172516
  ],
  "C15": [
    0.9545454545454543,
    0.5203795993360847
  ],
  "C16": [
    0.26537754617859005,
    0.36672505186074106
  ]
}