{
  "C1": [
    0.3051948051948052,
    0.5185801813902843
  ],
  "C2": [
    0.43506493506493504,
    0.5185801813902843
  ],
  "C3": [
    0.24025974025974026,
    0.4810899041701787
  ],
  "C4": [
    0.17532467532467533,
    0.5185801813902843
  ],
  "C5": [
    0.5,
    0.4810899041701787
  ],
  "C6": [
    0.1103896103896104,
    0.4810899041701787
  ],
  "C7": [
    0.04545454545454547,
    0.5185801813902843
  ]
}