{
  "C1": [
    0.20691892928418973,
    0.4402519474788219
  ],
  "C2": [
    0.7595939117950853,
    0.5713862002952177
  ],
  "C3": [
    0.4832564205396375,
    0.5058190738870197
  ],
  "C4": [
    0.9545454545454543,
    0.36485447605403876
  ],
  "C5": [
    0.6782079632900064,
    0.29928734964584064
  ],
  "C6": [
    0.36646546015133924,
    0.4039553818978764
  ],
  "C7": [
    0.640352765208243,
    0.45883087460935945
  ],
  "C8": [
    0.8311222329580616,
    0.2526572962389325
  ],
  "C9": [
    0.9158026728620904,
    0.5330037490775639
  ]
}