{
    "c13": {
        "ppm": {
            "1": 183.19999999999996,
            "2": 68.4,
            "3": 49.2,
            "4": 24.4
        },
        "numProtons": {
            "1": 0,
            "2": 1,
            "3": 2,
            "4": 3
        },
        "attached_protons": {
            "1": 0,
            "2": 1,
            "3": 2,
            "4": 3
        },
        "CH2": {
            "1": false,
            "2": false,
            "3": true,
            "4": false
        },
        "CH3CH": {
            "1": false,
            "2": true,
            "3": false,
            "4": true
        },
        "quaternary": {
            "1": true,
            "2": false,
            "3": false,
            "4": false
        },
        "ppmH1s": {
            "1": null,
            "2": null,
            "3": null,
            "4": null
        },
        "max_bonds": {
            "1": 4,
            "2": 4,
            "3": 4,
            "4": 4
        },
        "label": {
            "1": "C1",
            "2": "C2",
            "3": "C3",
            "4": "C4"
        },
        "f2C_i": {
            "1": "C1",
            "2": "C2",
            "3": "C3",
            "4": "C4"
        },
        "f1C_i": {
            "1": "C1",
            "2": "C2",
            "3": "C3",
            "4": "C4"
        },
        "f1_i": {
            "1": 1,
            "2": 2,
            "3": 3,
            "4": 4
        },
        "f2_i": {
            "1": 1,
            "2": 2,
            "3": 3,
            "4": 4
        },
        "signaltype": {
            "1": "Compound",
            "2": "Compound",
            "3": "Compound",
            "4": "Compound"
        },
        "x": {
            "1": 0.716196059980501,
            "2": 0.2690350502965306,
            "3": 0.49261555513851574,
            "4": 0.04545454545454542
        },
        "y": {
            "1": 0.564292197271186,
            "2": 0.564292197271186,
            "3": 0.6933764619272585,
            "4": 0.6933764619272584
        },
        "predicted": {
            "1": 174.83,
            "2": 64.18,
            "3": 38.9,
            "4": 22.66
        },
        "C": {
            "1": 4,
            "2": 1,
            "3": 3,
            "4": 0
        },
        "attached_protons_predicted": {
            "1": 0,
            "2": 1,
            "3": 2,
            "4": 3
        }
    },
    "h1": {
        "ppm": {
            "1": 4.14,
            "2": 2.4,
            "3": 2.29,
            "4": 1.19
        },
        "integral": {
            "1": 1.0,
            "2": 1.0,
            "3": 1.0,
            "4": 3.0
        },
        "numProtons": {
            "1": 1.0,
            "2": 1.0,
            "3": 1.0,
            "4": 3.0
        },
        "jCouplingClass": {
            "1": "s",
            "2": "s",
            "3": "s",
            "4": "s"
        },
        "jCouplingVals": {
            "1": 0.0,
            "2": 0.0,
            "3": 0.0,
            "4": 0.0
        },
        "range": {
            "1": 0.0,
            "2": 0.0,
            "3": 0.0,
            "4": 0.0
        },
        "label": {
            "1": "H1",
            "2": "H2",
            "3": "H3",
            "4": "H4"
        },
        "f1H_i": {
            "1": "H1",
            "2": "H2",
            "3": "H3",
            "4": "H4"
        },
        "f2H_i": {
            "1": "H1",
            "2": "H2",
            "3": "H3",
            "4": "H4"
        },
        "f1_i": {
            "1": 1,
            "2": 2,
            "3": 3,
            "4": 4
        },
        "f2_i": {
            "1": 1,
            "2": 2,
            "3": 3,
            "4": 4
        }
    },
    "hsqc": {
        "f2_ppm": {
            "1": 4.14,
            "2": 2.4,
            "3": 2.29,
            "4": 1.19
        },
        "f1_ppm": {
            "1": 68.4,
            "2": 49.2,
            "3": 49.2,
            "4": 24.4
        },
        "intensity": {
            "1": 0.2,
            "2": -0.2,
            "3": -0.2,
            "4": 0.3
        },
        "signaltype": {
            "1": "Compound",
            "2": "Compound",
            "3": "Compound",
            "4": "Compound"
        },
        "f1_i": {
            "1": 2,
            "2": 3,
            "3": 3,
            "4": 4
        },
        "f2_i": {
            "1": 1,
            "2": 2,
            "3": 3,
            "4": 4
        },
        "f2p_i": {
            "1": 2,
            "2": 3,
            "3": 3,
            "4": 4
        },
        "f1C_i": {
            "1": "C2",
            "2": "C3",
            "3": "C3",
            "4": "C4"
        },
        "f2H_i": {
            "1": "H1",
            "2": "H2",
            "3": "H3",
            "4": "H4"
        },
        "f2Cp_i": {
            "1": "C2",
            "2": "C3",
            "3": "C3",
            "4": "C4"
        },
        "f2p_ppm": {
            "1": 68.4,
            "2": 49.2,
            "3": 49.2,
            "4": 24.4
        },
        "f1_ppm_orig": {
            "1": 68.4,
            "2": 49.2,
            "3": 49.2,
            "4": 24.4
        },
        "f1_ppm_prob": {
            "1": 79.78845608028654,
            "2": 79.78845608028654,
            "3": 79.78845608028654,
            "4": 79.78845608028654
        },
        "f2_ppm_orig": {
            "1": 4.14,
            "2": 2.4,
            "3": 2.29,
            "4": 1.19
        },
        "f2_ppm_prob": {
            "1": 79.78845608028654,
            "2": 79.78845608028654,
            "3": 79.78845608028654,
            "4": 79.78845608028654
        },
        "CH2": {
            "1": false,
            "2": true,
            "3": true,
            "4": false
        },
        "CHCH3": {
            "1": true,
            "2": false,
            "3": false,
            "4": true
        },
        "f2_integral": {
            "1": 1,
            "2": 1,
            "3": 1,
            "4": 3
        }
    },
    "hmbc": {
        "f1_ppm": {
            "1": 183.19999999999996,
            "2": 49.2,
            "3": 183.19999999999996,
            "4": 68.4,
            "5": 24.4,
            "6": 183.19999999999996,
            "7": 68.4,
            "8": 24.4,
            "9": 68.4,
            "10": 49.2
        },
        "f2_ppm": {
            "1": 4.14,
            "2": 4.14,
            "3": 2.4,
            "4": 2.4,
            "5": 2.4,
            "6": 2.29,
            "7": 2.29,
            "8": 2.29,
            "9": 1.19,
            "10": 1.19
        },
        "intensity": {
            "1": 0,
            "2": 0,
            "3": 0,
            "4": 0,
            "5": 0,
            "6": 0,
            "7": 0,
            "8": 0,
            "9": 0,
            "10": 0
        },
        "f2p_ppm": {
            "1": 68.4,
            "2": 68.4,
            "3": 49.2,
            "4": 49.2,
            "5": 49.2,
            "6": 49.2,
            "7": 49.2,
            "8": 49.2,
            "9": 24.4,
            "10": 24.4
        },
        "f1_i": {
            "1": 1,
            "2": 3,
            "3": 1,
            "4": 2,
            "5": 4,
            "6": 1,
            "7": 2,
            "8": 4,
            "9": 2,
            "10": 3
        },
        "f2_i": {
            "1": 1,
            "2": 1,
            "3": 2,
            "4": 2,
            "5": 2,
            "6": 3,
            "7": 3,
            "8": 3,
            "9": 4,
            "10": 4
        },
        "f2p_i": {
            "1": 2,
            "2": 2,
            "3": 3,
            "4": 3,
            "5": 3,
            "6": 3,
            "7": 3,
            "8": 3,
            "9": 4,
            "10": 4
        },
        "f1_ppm_orig": {
            "1": 183.19999999999996,
            "2": 49.2,
            "3": 183.19999999999996,
            "4": 68.4,