{
  "C1": [
    0.716196059980501,
    0.564292197271186
  ],
  "C2": [
    0.2690350502965306,
    0.564292197271186
  ],
  "C3": [
    0.49261555513851574,
    0.6933764619272585
  ],
  "C4": [
    0.04545454545454542,
    0.6933764619272584
  ]
}