{
  "C1": [
    0.2698953549733896,
    0.5232701413640083
  ],
  "C2": [
    0.7187769740110778,
    0.4009892588385279
  ],
  "C3": [
    0.435064935064935,
    0.6870713634219016
  ],
  "C4": [
    0.4943361644922337,
    0.4621297001012681
  ],
  "C5": [
    0.6595057445837792,
    0.6259309221591612
  ],
  "C6": [
    0.6242062943623636,
    0.4963499603663191
  ],
  "C7": [
    0.5649350649350648,
    0.7212916236869524
  ],
  "C8": [
    0.3997654848435194,
    0.5574904016290594
  ],
  "C9": [
    0.7780482034383764,
    0.1760475955178947
  ],
  "C10": [
    0.04545454545454551,
    0.5844105826267485
  ],
  "C11": [
    0.7893758744539089,
    0.6601511824242121
  ],
  "C12": [
    0.8246753246753243,
    0.7897321442170544
  ],
  "C13": [
    0.9545454545454544,
    0.8239524044821053
  ]
}