{
  "C1": [
    0.47463870999906793,
    0.6406447389240177
  ],
  "C2": [
    0.629407607953474,
    0.4537881572106802
  ],
  "C3": [
    0.7893788218055071,
    0.3573460505199253
  ],
  "C4": [
    0.5487717115402541,
    0.5020092105560576
  ],
  "C5": [
    0.7854770848822867,
    0.45830888096180933
  ],
  "C6": [
    0.7074423464178804,
    0.4974884868049285
  ],
  "C7": [
    0.5500722905146608,
    0.6014651330808986
  ],
  "C8": [
    0.9597546674527944,
    0.34227697134949486
  ]
}