{
  "C1": [
    0.47650194178949623,
    0.6493929173941251
  ],
  "C2": [
    0.5521582169830402,
    0.5044348791667493
  ],
  "C3": [
    0.7911799733610194,
    0.352518078099001
  ],
  "C4": [
    0.6443910065030236,
    0.46389573684334584
  ],
  "C5": [
    0.6278144921765842,
    0.3594768409393734
  ],
  "C6": [
    0.7073585130983272,
    0.3142677596374188
  ],
  "C7": [
    0.5488540999446321,
    0.6090572072670065
  ],
  "C8": [
    0.9375156061708158,
    0.3120345062462856
  ]
}