{
  "C1": [
    0.42492659123382565,
    0.4425870188274367
  ],
  "C2": [
    0.641336267521326,
    0.6470190024147832
  ],
  "C3": [
    0.6073956944579263,
    0.46618759397373877
  ],
  "C4": [
    0.9545454545454547,
    0.5882322054309712
  ],
  "C5": [
    0.9206048814820549,
    0.4074007969899268
  ],
  "C6": [
    0.8149111475650902,
    0.7080413081433994
  ],
  "C7": [
    0.7470300014382907,
    0.3463784912613106
  ],
  "C8": [
    0.3460950566080179,
    0.6088324696740205
  ],
  "C9": [
    0.47984359204805543,
    0.7351783839185612
  ],
  "C10": [
    0.16526364816697353,
    0.6427730427374201
  ],
  "C11": [
    0.04545454545454545,
    0.5031387357570558
  ]
}