{
    "c13": {
        "ppm": {
            "1": 169.74,
            "2": 162.76,
            "3": 150.76,
            "4": 128.62,
            "5": 109.24,
            "6": 103.93,
            "7": 100.73,
            "8": 55.13,
            "9": 26.69
        },
        "numProtons": {
            "1": 0,
            "2": 0,
            "3": 0,
            "4": 0,
            "5": 0,
            "6": 0,
            "7": 0,
            "8": 0,
            "9": 0
        },
        "attached_protons": {
            "1": 0,
            "2": 0,
            "3": 0,
            "4": 1,
            "5": 0,
            "6": 1,
            "7": 1,
            "8": 3,
            "9": 3
        },
        "ppmH1s": {
            "1": null,
            "2": null,
            "3": null,
            "4": null,
            "5": null,
            "6": null,
            "7": null,
            "8": null,
            "9": null
        },
        "max_bonds": {
            "1": 4,
            "2": 4,
            "3": 4,
            "4": 4,
            "5": 4,
            "6": 4,
            "7": 4,
            "8": 4,
            "9": 4
        },
        "label": {
            "1": "C1",
            "2": "C2",
            "3": "C3",
            "4": "C4",
            "5": "C5",
            "6": "C6",
            "7": "C7",
            "8": "C8",
            "9": "C9"
        },
        "f2C_i": {
            "1": "C1",
            "2": "C2",
            "3": "C3",
            "4": "C4",
            "5": "C5",
            "6": "C6",
            "7": "C7",
            "8": "C8",
            "9": "C9"
        },
        "f1C_i": {
            "1": "C1",
            "2": "C2",
            "3": "C3",
            "4": "C4",
            "5": "C5",
            "6": "C6",
            "7": "C7",
            "8": "C8",
            "9": "C9"
        },
        "f1_i": {
            "1": 1,
            "2": 2,
            "3": 3,
            "4": 4,
            "5": 5,
            "6": 6,
            "7": 7,
            "8": 8,
            "9": 9
        },
        "f2_i": {
            "1": 1,
            "2": 2,
            "3": 3,
            "4": 4,
            "5": 5,
            "6": 6,
            "7": 7,
            "8": 8,
            "9": 9
        },
        "x": {
            "1": 0.2816434266294267,
            "2": 0.7183565733705735,
            "3": 0.5178323078043078,
            "4": 0.4821676921956924,
            "5": 0.4272144755431423,
            "6": 0.6277387411094079,
            "7": 0.6634033567180235,
            "8": 0.9545454545454546,
            "9": 0.04545454545454548
        },
        "y": {
            "1": 0.45690918469049124,
            "2": 0.3951362584239549,
            "3": 0.5520909479720479,
            "4": 0.29995449514239825,
            "5": 0.43631820926831255,
            "6": 0.27936351972021956,
            "7": 0.5314999725498692,
            "8": 0.49031802170551164,
            "9": 0.3617274214089346
        },
        "predicted": {
            "1": 168.1,
            "2": 158.9,
            "3": 147.44,
            "4": 127.92,
            "5": 120.06,
            "6": 114.5,
            "7": 100.9,
            "8": 55.1,
            "9": 26.2
        },
        "C": {
            "1": 2,
            "2": 7,
            "3": 11,
            "4": 5,
            "5": 4,
            "6": 6,
            "7": 10,
            "8": 9,
            "9": 0
        },
        "attached_protons_predicted": {
            "1": 0,
            "2": 0,
            "3": 0,
            "4": 1,
            "5": 0,
            "6": 1,
            "7": 1,
            "8": 3,
            "9": 3
        }
    },
    "h1": {
        "ppm": {
            "1": 7.22,
            "2": 6.21,
            "3": 6.15,
            "4": 3.77,
            "5": 2.94
        },
        "integral": {
            "1": 0.96,
            "2": 0.99,
            "3": 0.99,
            "4": 3.06,
            "5": 2.95
        },
        "numProtons": {
            "1": 1,
            "2": 1,
            "3": 1,
            "4": 3,
            "5": 3
        },
        "jCouplingClass": {
            "1": "d",
            "2": "dd",
            "3": "d",
            "4": "s",
            "5": "d"
        },
        "jCouplingVals": {
            "1": 8.73,
            "2": "2.48, 8.68",
            "3": 2.47,
            "4": 0,
            "5": 4.76
        },
        "range": {
            "1": "7.24 .. 7.20",
            "2": "6.23 .. 6.18",
            "3": "6.17 .. 6.13",
            "4": "3.78 .. 3.75",
            "5": "2.96 .. 2.92"
        },
        "label": {
            "1": "H1",
            "2": "H2",
            "3": "H3",
            "4": "H4",
            "5": "H5"
        },
        "f1H_i": {
            "1": "H1",
            "2": "H2",
            "3": "H3",
            "4": "H4",
            "5": "H5"
        },
        "f2H_i": {
            "1": "H1",
            "2": "H2",
            "3": "H3",
            "4": "H4",
            "5": "H5"
        },
        "f1_i": {
            "1": 1,
            "2": 2,
            "3": 3,
            "4": 4,
            "5": 5
        },
        "f2_i": {
            "1": 1,
            "2": 2,
            "3": 3,
            "4": 4,
            "5": 5
        }
    },
    "hsqc": {
        "f2_ppm": {
            "1": 7.22,
            "2": 6.21,
            "3": 6.15,
            "4": 3.77,
            "5": 2.94
        },
        "f1_ppm": {
            "1": 128.62,
            "2": 103.93,
            "3": 100.73,
            "4": 55.13,
            "5": 26.69
        },
        "intensity": {
            "1": 0.5,
            "2": 4.8,
            "3": 11.7,
            "4": 26.3,
            "5": 16.3
        },
        "signaltype": {
            "1": "Compound",
            "2": "Compound",
            "3": "Compound",
            "4": "Compound",
            "5": "Compound"
        },
        "f1_i": {
            "1": 4,
            "2": 6,
            "3": 7,
            "4": 8,
            "5": 9
        },
        "f2_i": {
            "1": 1,
            "2": 2,
            "3": 3,
            "4": 4,
            "5": 5
        },
        "f2p_i": {
            "1": 4,
            "2": 6,
            "3": 7,
            "4": 8,
            "5": 9
        },
        "f1C_i": {
            "1": "C4",
            "2": "C6",
            "3": "C7",
            "4": "C8",
            "5": "C9"
        },
        "f2H_i": {
            "1": "H1",
            "2": "H2",
            "3": "H3",
            "4": "H4",
            "5": "H5"
        },
        "f2Cp_i": {
            "1": "C4",
            "2": "C6",
            "3": "C7",
            "4": "C8",
            "5": "C9"
        },
        "f2p_ppm": {
            "1": 128.62,
            "2": 103.93,
            "3": 100.73,
            "4": 55.13,
            "5": 26.69
        },
        "f1_ppm_orig": {
            "1": 128.28,
            "2": 103.87,
            "3": 100.74,
            "4": 55.24,
            "5": 26.53
        },
        "f1_ppm_prob": {
            "1": 0.0,
            "2": 4.2927674713026955e-30,
            "3": 10.798193302676895,
            "4": 6.348563105666403e-104,
            "5": 3.492732513514377e-221
        },
        "f2_ppm_orig": {
            "1": 7.22,
            "2": 6.21,
            "3": 6.14,
            "4": 3.77,
            "5": 2.93
        },
        "f2_ppm_prob": {
            "1": 79.78845608028654,
            "2": 79.78845608028654,
            "3": 10.798193302634695,
            "4": 79.78845608028654,
            "5": 10.79819330263853
        },
        "f2_integral": {
            "1": 1,
            "2": 1,
            "3": 1,
            "4": 3,
            "5": 3
        }
    },
    "hmbc": {
        "f1_ppm": {
            "1": 100.73,
            "2": 162.76,
            "3": 109.24,
            "4": 150.76,
            "5": 169.74,
            "6": 100.73,