{
  "C1": [
    0.2816434266294267,
    0.45690918469049124
  ],
  "C2": [
    0.7183565733705735,
    0.3951362584239549
  ],
  "C3": [
    0.5178323078043078,
    0.5520909479720479
  ],
  "C4": [
    0.4821676921956924,
    0.29995449514239825
  ],
  "C5": [
    0.4272144755431423,
    0.43631820926831255
  ],
  "C6": [
    0.6277387411094079,
    0.27936351972021956
  ],
  "C7": [
    0.6634033567180235,
    0.5314999725498692
  ],
  "C8": [
    0.9545454545454546,
    0.49031802170551164
  ],
  "C9": [
    0.04545454545454548,
    0.3617274214089346
  ]
}