{
  "C1": [
    -0.6129032258064517,
    0.21856991650005897
  ],
  "C2": [
    0.6889400921658981,
    0.49074276305841646
  ],
  "C3": [
    0.00921658986175089,
    -0.22497101863207924
  ],
  "C4": [
    -0.025345622119815836,
    0.9695653634851569
  ],
  "C5": [
    -0.1693548387096777,
    0.31433443658540705
  ],
  "C6": [
    0.4239631336405525,
    1.0502091698728182
  ],
  "C7": [
    0.48156682027649733,
    -0.12416626064750225
  ],
  "C8": [
    1.3283410138248843,
    0.06232254162396478
  ],
  "C9": [
    -1.3732718894009217,
    0.6419499000352817
  ]
}