{
  "C1": [
    0.14273832440291037,
    0.5196679595074641
  ],
  "C2": [
    0.4292812443300317,
    0.40584059606844586
  ],
  "C3": [
    0.8256007369396837,
    0.5169638722771661
  ],
  "C4": [
    0.6513995355946092,
    0.6105068722875775
  ],
  "C5": [
    0.7655036743855546,
    0.6140229275272393
  ],
  "C6": [
    0.4832883205668479,
    0.5064157065581807
  ],
  "C7": [
    0.2558053978736942,
    0.4971028460674516
  ],
  "C8": [
    0.3151771055390864,
    0.40232454082878405
  ],
  "C9": [
    0.3090871192217735,
    0.5999587065685921
  ],
  "C10": [
    0.5973924593577932,
    0.5099317617978426
  ],
  "C11": [
    0.42319125801271873,
    0.6034747618082539
  ],
  "C12": [
    0.12731440020144574,
    0.6327794960362336
  ],
  "C13": [
    0.6574895219119221,
    0.4128727065477695
  ],
  "C14": [
    0.766330037048024,
    0.4195699775972036
  ],
  "C15": [
    0.5913024730404801,
    0.7075659275376506
  ],
  "C16": [
    0.47141823992655363,
    0.7006956691088644
  ],
  "C17": [
    0.23012360938708562,
    0.6824019067021312
  ],
  "C18": [
    0.5441718110225992,
    0.4047738885702742
  ],
  "C19": [
    0.185600639192089,
    0.40249756718151575
  ]
}