{
  "C1": [
    0.8271889400921655,
    0.0673627795231937
  ],
  "C2": [
    -0.7511520737327191,
    0.20344920280237266
  ],
  "C3": [
    -0.3652073732718897,
    -0.12416626064750225
  ],
  "C4": [
    0.38364055299539146,
    -0.17456863963979075
  ],
  "C5": [
    0.03801843317972331,
    0.17824801330622808
  ]
}