{
  "C1": [
    -0.6762672811059909,
    0.22361015439928789
  ],
  "C2": [
    0.7119815668202762,
    0.48570252515918755
  ],
  "C3": [
    0.06105990783410098,
    -0.1947295912367062
  ],
  "C4": [
    -0.06566820276497709,
    0.9090825086944108
  ],
  "C5": [
    -0.22695852534562233,
    0.26897229549234725
  ],
  "C6": [
    0.38364055299539146,
    1.0552494077720471
  ],
  "C7": [
    0.4988479262672807,
    -0.12920649854673116
  ],
  "C8": [
    1.4377880184331793,
    0.10768468271702458
  ],
  "C9": [
    -1.3617511520737327,
    0.6419499000352817
  ]
}