{
    "c13": {
        "ppm": {
            "1": 108.31,
            "2": 79.0,
            "3": 72.87,
            "4": 62.99,
            "5": 27.3
        },
        "numProtons": {
            "1": 0,
            "2": 1,
            "3": 1,
            "4": 2,
            "5": 3
        },
        "attached_protons": {
            "1": 0,
            "2": 1,
            "3": 1,
            "4": 2,
            "5": 3
        },
        "CH2": {
            "1": false,
            "2": false,
            "3": false,
            "4": true,
            "5": false
        },
        "CH3CH": {
            "1": false,
            "2": true,
            "3": true,
            "4": false,
            "5": true
        },
        "quaternary": {
            "1": true,
            "2": false,
            "3": false,
            "4": false,
            "5": false
        },
        "ppmH1s": {
            "1": null,
            "2": null,
            "3": null,
            "4": null,
            "5": null
        },
        "max_bonds": {
            "1": 4,
            "2": 4,
            "3": 4,
            "4": 4,
            "5": 4
        },
        "label": {
            "1": "C1",
            "2": "C2",
            "3": "C3",
            "4": "C4",
            "5": "C5"
        },
        "f2C_i": {
            "1": "C1",
            "2": "C2",
            "3": "C3",
            "4": "C4",
            "5": "C5"
        },
        "f1C_i": {
            "1": "C1",
            "2": "C2",
            "3": "C3",
            "4": "C4",
            "5": "C5"
        },
        "f1_i": {
            "1": 1,
            "2": 2,
            "3": 3,
            "4": 4,
            "5": 5
        },
        "f2_i": {
            "1": 1,
            "2": 2,
            "3": 3,
            "4": 4,
            "5": 5
        },
        "x": {
            "1": 0.49920515615547983,
            "2": 0.5762728556621053,
            "3": 0.6668713700583094,
            "4": 0.8201623992283119,
            "5": 0.6023418691585801
        },
        "y": {
            "1": 0.7022065753816668,
            "2": 0.46501658536215795,
            "3": 0.3403184281256755,
            "4": 0.35642996451967734,
            "5": 0.816751499581257
        },
        "predicted": {
            "1": 111.38,
            "2": 80.31,
            "3": 68.63,
            "4": 63.76,
            "5": 25.93
        },
        "C": {
            "1": 1,
            "2": 4,
            "3": 5,
            "4": 7,
            "5": 0
        },
        "attached_protons_predicted": {
            "1": 0.0,
            "2": 1.0,
            "3": 1.0,
            "4": 2.0,
            "5": 3.0
        }
    },
    "h1": {
        "ppm": {
            "1": 3.84,
            "2": 3.53,
            "3": 3.46,
            "4": 3.35,
            "5": 1.27
        },
        "integral": {
            "1": 1.0,
            "2": 1.0,
            "3": 1.0,
            "4": 1.0,
            "5": 3.0
        },
        "numProtons": {
            "1": 1.0,
            "2": 1.0,
            "3": 1.0,
            "4": 1.0,
            "5": 3.0
        },
        "jCouplingClass": {
            "1": "s",
            "2": "s",
            "3": "s",
            "4": "s",
            "5": "s"
        },
        "jCouplingVals": {
            "1": 0.0,
            "2": 0.0,
            "3": 0.0,
            "4": 0.0,
            "5": 0.0
        },
        "range": {
            "1": 0.0,
            "2": 0.0,
            "3": 0.0,
            "4": 0.0,
            "5": 0.0
        },
        "label": {
            "1": "H1",
            "2": "H2",
            "3": "H3",
            "4": "H4",
            "5": "H5"
        },
        "f1H_i": {
            "1": "H1",
            "2": "H2",
            "3": "H3",
            "4": "H4",
            "5": "H5"
        },
        "f2H_i": {
            "1": "H1",
            "2": "H2",
            "3": "H3",
            "4": "H4",
            "5": "H5"
        },
        "f1_i": {
            "1": 1,
            "2": 2,
            "3": 3,
            "4": 4,
            "5": 5
        },
        "f2_i": {
            "1": 1,
            "2": 2,
            "3": 3,
            "4": 4,
            "5": 5
        }
    },
    "hsqc": {
        "f2_ppm": {
            "1": 3.84,
            "2": 3.53,
            "3": 3.46,
            "4": 3.35,
            "5": 1.27
        },
        "f1_ppm": {
            "1": 79.0,
            "2": 62.99,
            "3": 72.87,
            "4": 62.99,
            "5": 27.3
        },
        "intensity": {
            "1": 5.1,
            "2": -2.6,
            "3": 3.3,
            "4": -2.4,
            "5": 14.8
        },
        "signaltype": {
            "1": "Compound",
            "2": "Compound",
            "3": "Compound",
            "4": "Compound",
            "5": "Compound"
        },
        "f1_i": {
            "1": 2,
            "2": 4,
            "3": 3,
            "4": 4,
            "5": 5
        },
        "f2_i": {
            "1": 1,
            "2": 2,
            "3": 3,
            "4": 4,
            "5": 5
        },
        "f2p_i": {
            "1": 2,
            "2": 4,
            "3": 3,
            "4": 4,
            "5": 5
        },
        "f1C_i": {
            "1": "C2",
            "2": "C4",
            "3": "C3",
            "4": "C4",
            "5": "C5"
        },
        "f2H_i": {
            "1": "H1",
            "2": "H2",
            "3": "H3",
            "4": "H4",
            "5": "H5"
        },
        "f2Cp_i": {
            "1": "C2",
            "2": "C4",
            "3": "C3",
            "4": "C4",
            "5": "C5"
        },
        "f2p_ppm": {
            "1": 79.0,
            "2": 62.99,
            "3": 72.87,
            "4": 62.99,
            "5": 27.3
        },
        "f1_ppm_orig": {
            "1": 79.0,
            "2": 62.99,
            "3": 72.87,
            "4": 62.99,
            "5": 27.3
        },
        "f1_ppm_prob": {
            "1": 79.78845608028654,
            "2": 79.78845608028654,
            "3": 79.78845608028654,
            "4": 79.78845608028654,
            "5": 79.78845608028654
        },
        "f2_ppm_orig": {
            "1": 3.84,
            "2": 3.53,
            "3": 3.46,
            "4": 3.35,
            "5": 1.27
        },
        "f2_ppm_prob": {
            "1": 79.78845608028654,
            "2": 79.78845608028654,
            "3": 79.78845608028654,
            "4": 79.78845608028654,
            "5": 79.78845608028654
        },
        "f2_integral": {
            "1": 1,
            "2": 1,
            "3": 1,
            "4": 1,
            "5": 3
        }
    },
    "hmbc": {
        "f1_ppm": {
            "1": 79.0,
            "2": 62.99,
            "3": 72.87,
            "4": 62.99,
            "5": 72.87,
            "6": 72.87,
            "7": 62.99,
            "8": 108.31,
            "9": 79.0,
            "10": 79.0,
            "11": 72.87,
            "12": 79.0,
            "13": 79.0,
            "14": 72.87,
            "15": 108.31,
            "16": 27.3
        },
        "f2_ppm": {
            "1": 3.84,
            "2": 3.84,
            "3": 3.84,
            "4": 3.84,
            "5": 3.84,
            "6": 3.84,
            "7": 3.84,
            "8": 3.84,
            "9": 3.84,
            "10": 3.53,
            "11": 3.53,
            "12": 3.46,
            "13": 3.35,
            "14": 3.35,
            "15": 1.27,
            "16": 1.27
        },
        "intensity": {
            "1": 1.7,
            "2": 0.6,
            "3": 0.7,
            "4": 0.9,
            "5": 0.6,
            "6": 1.3,
            "7": 0.6,
            "8": 0.5,
            "9": 1.0,
            "10": 0.6,
            "11": 0.4,
            "12": 0.6,
            "13": 0.5,
            "14": 0.8,
            "15": 13.3,
            "16": 6.3
        },