{
  "C1": [
    -0.8260368663594471,
    -0.718914332756506
  ],
  "C2": [
    -0.8663594470046085,
    0.43530014616689927
  ],
  "C3": [
    0.8905529953917046,
    0.349616101880009
  ],
  "C4": [
    0.5506912442396312,
    -0.5677071957796407
  ],
  "C5": [
    0.25691244239631317,
    -0.33081601451588494
  ],
  "C6": [
    0.919354838709677,
    -0.28041363552359644
  ],
  "C7": [
    -0.4688940092165901,
    -0.4064195830043176
  ],
  "C8": [
    -0.8894009216589862,
    1.0754103593689623
  ],
  "C9": [
    -0.16359447004608318,
    -0.6634717158649885
  ]
}