{
  "C1": [
    0.2682196781083839,
    0.7187617575785359
  ],
  "C2": [
    0.6475591496476931,
    0.49975001157106536
  ],
  "C3": [
    0.5211126591345898,
    0.7187617575785359
  ],
  "C4": [
    0.14177318759528093,
    0.49975001157106536
  ],
  "C5": [
    0.9004521306738994,
    0.49975001157106524
  ]
}