{
  "C1": [
    0.9286218613476898,
    0.6204443842297791
  ],
  "C2": [
    0.5261683067825782,
    -0.4827743046819053
  ],
  "C3": [
    0.29846432196284356,
    0.08044786807827053
  ],
  "C4": [
    -0.15694364767662505,
    -0.6337410726382411
  ],
  "C5": [
    0.5261683067825782,
    0.6030251417732786
  ],
  "C6": [
    1.1828030537046028,
    0.05141579731743651
  ],
  "C7": [
    -0.07557603686635961,
    -0.006592631172191332
  ],
  "C8": [
    0.9180309783328187,
    -0.47696789052973854
  ],
  "C9": [
    -0.8188738361060854,
    0.3185108483171075
  ],
  "C10": [
    -0.46937469661533027,
    0.43463913136044274
  ]
}