{
  "C1": [
    0.830429699688935,
    0.36752387430420747
  ],
  "C2": [
    0.6698227815552898,
    0.6166810436063284
  ],
  "C3": [
    0.6020862920133727,
    0.48484691571716604
  ],
  "C4": [
    0.4330826742631653,
    0.6549997190263483
  ],
  "C5": [
    0.8981661892308523,
    0.49935800219336995
  ],
  "C6": [
    0.8178627301640299,
    0.6239365868444304
  ],
  "C7": [
    0.4557728592065428,
    0.5085291595306136
  ],
  "C8": [
    0.6823897510801953,
    0.3602683310661057
  ],
  "C9": [
    0.2075761995200553,
    0.4429256078299267
  ],
  "C10": [
    0.3506126434803926,
    0.4040791795392903
  ]
}