{
  "C1": [
    0.7447004608294927,
    0.5014633490700762
  ],
  "C2": [
    0.3714285714285712,
    -0.4057794727911157
  ],
  "C3": [
    0.23778801843317954,
    0.0498580332991716
  ],
  "C4": [
    -0.14009216589861762,
    -0.522712992053225
  ],
  "C5": [
    0.41290322580645133,
    0.5054955393894591
  ],
  "C6": [
    0.9290322580645158,
    0.05792241393793773
  ],
  "C7": [
    -0.07557603686635961,
    -0.006592631172191332
  ],
  "C8": [
    0.7308755760368659,
    -0.4420691856655634
  ],
  "C9": [
    -0.6792626728110599,
    0.2111456460744947
  ],
  "C10": [
    -0.3290322580645162,
    0.3522723072529024
  ]
}