{
  "C1": [
    0.5999260197842285,
    0.6897242259513391
  ],
  "C2": [
    0.6354267007425366,
    0.40736405014123955
  ],
  "C3": [
    0.4178908979749977,
    0.3835956156380049
  ],
  "C4": [
    0.6149608798529941,
    0.2707054267538018
  ],
  "C5": [
    0.5,
    0.6003692286750169
  ],
  "C6": [
    0.3880330426931787,
    0.6304216662485185
  ],
  "C7": [
    0.8721568390483877,
    0.3470287933253363
  ],
  "C8": [
    0.8316354640230619,
    0.2190449152309959
  ],
  "C9": [
    0.714336746844487,
    0.160537999530726
  ],
  "C10": [
    0.7709120915294312,
    0.44271645686861716
  ],
  "C11": [
    0.48159748204964964,
    0.25715075617438543
  ],
  "C12": [
    0.8271987470569558,
    0.7372182502336138
  ],
  "C13": [
    0.3001479604315429,
    0.4216592341223723
  ],
  "C14": [
    0.25737477472952014,
    0.19687843726644658
  ],
  "C15": [
    0.0728752331588157,
    0.3741652098400969
  ],
  "C16": [
    0.2727272727272727,
    0.5528752043927417
  ],
  "C17": [
    0.1453805652387738,
    0.5947361773867886
  ],
  "C18": [
    0.2453065850230026,
    0.6840911746631112
  ],
  "C19": [
    0.045454545454545414,
    0.5053811801104664
  ],
  "C20": [
    0.38688524816267567,
    0.1622870765055643
  ],
  "C21": [
    0.9545454545454544,
    0.6953572772395664
  ],
  "C22": [
    0.11795987753450392,
    0.7259521476571584
  ]
}