{
  "C1": [
    0.6129349326988639,
    0.6345012128852042
  ],
  "C2": [
    0.838004687993354,
    0.46244773795824684
  ],
  "C3": [
    0.14916517899605516,
    0.521247197547374
  ],
  "C4": [
    0.22811969967836154,
    0.5903032866294956
  ],
  "C5": [
    0.7868732080343809,
    0.5540344811730581
  ],
  "C6": [
    0.6282403154865637,
    0.4654721600179267
  ],
  "C7": [
    0.27611474342392817,
    0.38458094653539565
  ],
  "C8": [
    0.34033680905531133,
    0.457759006206253
  ],
  "C9": [
    0.6793717954455367,
    0.37388541680311554
  ],
  "C10": [
    0.784253981698932,
    0.37237320577327554
  ],
  "C11": [
    0.6819910217809856,
    0.5555466922028979
  ],
  "C12": [
    0.1694922460860204,
    0.41834253235181207
  ],
  "C13": [
    0.3274012874506332,
    0.5564547105160552
  ],
  "C14": [
    0.9533764539217282,
    0.5869243666162217
  ],
  "C15": [
    0.08237604508233183,
    0.6772737563331837
  ],
  "C16": [
    0.5259644629951763,
    0.48875755828917433
  ],
  "C17": [
    0.44700994231287,
    0.41970146920705276
  ],
  "C18": [
    0.388382488720529,
    0.24774071492936925
  ],
  "C19": [
    0.566618597175107,
    0.2829482278980504
  ],
  "C20": [
    0.2891009009482574,
    0.28158929104280955
  ]
}