{
  "C1": [
    0.6129349326988642,
    0.6345012128852041
  ],
  "C2": [
    0.838004687993354,
    0.4624477379582466
  ],
  "C3": [
    0.14916517899605528,
    0.5212471975473736
  ],
  "C4": [
    0.2281196996783614,
    0.5903032866294953
  ],
  "C5": [
    0.7868732080343809,
    0.5540344811730579
  ],
  "C6": [
    0.6282403154865637,
    0.4654721600179267
  ],
  "C7": [
    0.34772835454059864,
    0.45355004532049326
  ],
  "C8": [
    0.26877383385829245,
    0.38449395623837157
  ],
  "C9": [
    0.6793717954455367,
    0.3738854168031155
  ],
  "C10": [
    0.7842539816989319,
    0.3723732057732754
  ],
  "C11": [
    0.681991021780986,
    0.555546692202898
  ],
  "C12": [
    0.16949224608602084,
    0.4183425323518118
  ],
  "C13": [
    0.32740128745063307,
    0.5564547105160552
  ],
  "C14": [
    0.9533764539217283,
    0.5869243666162212
  ],
  "C15": [
    0.08237604508233151,
    0.6772737563331828
  ],
  "C16": [
    0.5259644629951766,
    0.4887575582891746
  ],
  "C17": [
    0.4470099423128703,
    0.419701469207053
  ],
  "C18": [
    0.3883824887205294,
    0.24774071492936942
  ],
  "C19": [
    0.5666185971751073,
    0.2829482278980508
  ],
  "C20": [
    0.2891009009482578,
    0.2815892910428097
  ]
}