{
  "C1": [
    0.6341610698300805,
    0.38331613828686073
  ],
  "C2": [
    0.7620666633429649,
    0.5589215773095813
  ],
  "C3": [
    0.6385116607743214,
    0.5147303943273953
  ],
  "C4": [
    0.42131497204839025,
    0.39951766726669646
  ],
  "C5": [
    0.8492054546282187,
    0.3569047408195887
  ],
  "C6": [
    0.30359453238834005,
    0.3471323653761587
  ],
  "C7": [
    0.4252167089716106,
    0.5273564466080198
  ],
  "C8": [
    0.2028177043480523,
    0.4247697718279455
  ],
  "C9": [
    0.21972523101534036,
    0.5510302946341908
  ],
  "C10": [
    0.323958837841073,
    0.5976834921339221
  ],
  "C11": [
    0.861326863275485,
    0.4909556958132499
  ],
  "C12": [
    0.0764287389429358,
    0.23949280784976965
  ],
  "C13": [
    0.2307402465711035,
    0.7944148401284908
  ],
  "C14": [
    0.9545454545454544,
    0.2942243478186812
  ]
}