{
  "C1": [
    0.6333106712018236,
    0.38764676941742204
  ],
  "C2": [
    0.7536124642363098,
    0.562499869529486
  ],
  "C3": [
    0.6394540201051334,
    0.5196511353870668
  ],
  "C4": [
    0.4195221293666413,
    0.3991811314924395
  ],
  "C5": [
    0.8421845339143579,
    0.3722676199840653
  ],
  "C6": [
    0.431808827173261,
    0.5299039016759712
  ],
  "C7": [
    0.30034116064243055,
    0.3517620874062565
  ],
  "C8": [
    0.3236858864750079,
    0.5978284783399631
  ],
  "C9": [
    0.21556294577675483,
    0.5504094342537801
  ],
  "C10": [
    0.20081890840881128,
    0.41968666407024846
  ],
  "C11": [
    0.8557465808213542,
    0.49191939636700055
  ],
  "C12": [
    0.2364503320480083,
    0.7913494420430345
  ],
  "C13": [
    0.0816379396846005,
    0.249234424517212
  ],
  "C14": [
    0.9478232729290826,
    0.2975979470675422
  ]
}