{
  "C1": [
    0.8721270949580986,
    0.4509320191758057
  ],
  "C2": [
    0.5841074479111122,
    0.3607580529515319
  ],
  "C3": [
    0.7968440111779427,
    0.5748370475285453
  ],
  "C4": [
    0.5806652089431844,
    0.6107535005160964
  ],
  "C5": [
    0.8038896865218077,
    0.3222601522329812
  ],
  "C6": [
    0.6598084328119691,
    0.23349296814586873
  ],
  "C7": [
    0.6506765223655708,
    0.48623286728278603
  ],
  "C8": [
    0.732800371706944,
    0.1966328631788992
  ],
  "C9": [
    0.6481510847710074,
    0.7389622357147054
  ],
  "C10": [
    0.7247464626530231,
    0.609520622959331
  ],
  "C11": [
    0.8049043432380742,
    0.23965735592969606
  ],
  "C12": [
    0.7338783730994214,
    0.35678072382241377
  ],
  "C13": [
    0.6518975670777611,
    0.5715924986760677
  ],
  "C14": [
    0.7227171492204901,
    0.6982878070464433
  ],
  "C15": [
    0.6527058357981038,
    0.3148628868923885
  ],
  "C16": [
    0.576614483297605,
    0.6954975270288073
  ],
  "C17": [
    0.7271806508579169,
    0.4476874703233282
  ],
  "C18": [
    0.2955466716723066,
    0.43691776501216795
  ],
  "C19": [
    0.43354128035080025,
    0.6085681096570107
  ],
  "C20": [
    0.7987172523313194,
    0.49115217900922636
  ],
  "C21": [
    0.36454332837842646,
    0.5639041533590093
  ],
  "C22": [
    0.22350604481738723,
    0.3062327439950303
  ],
  "C23": [
    0.2874294179421748,
    0.6045891127322691
  ],
  "C24": [
    0.3614993582296271,
    0.7278768684088142
  ],
  "C25": [
    0.2867215950972418,
    0.6890084293238522
  ],
  "C26": [
    0.147406791097402,
    0.3481505809250556
  ],
  "C27": [
    0.29351735823977365,
    0.34938345848182106
  ],
  "C28": [
    0.14739487445719046,
    0.4347092749134185
  ],
  "C29": [
    0.1530145979173202,
    0.18365466935546165
  ],
  "C30": [
    0.5857384925245168,
    0.1878764985455471
  ],
  "C31": [
    0.35744073136456117,
    0.8203426851662229
  ],
  "C32": [
    0.07435150752621623,
    0.46897258148806964
  ]
}