{
    "molecule": {
        "smiles": {
            "0": "CCC1C(=O)c2ccccc2C1"
        }
    },
    "c13": {
        "ppm": {
            "1": 32.31792989595062,
            "2": 11.58371917677896
        },
        "numProtons": {
            "1": 2,
            "2": 3
        },
        "attached_protons": {
            "1": 2,
            "2": 3
        },
        "CH2": {
            "1": true,
            "2": false
        },
        "CH3CH": {
            "1": false,
            "2": true
        },
        "quaternary": {
            "1": false,
            "2": false
        },
        "ppmH1s": {
            "1": null,
            "2": null
        },
        "max_bonds": {
            "1": 4,
            "2": 4
        },
        "label": {
            "1": "C1",
            "2": "C2"
        },
        "f2C_i": {
            "1": "C1",
            "2": "C2"
        },
        "f1C_i": {
            "1": "C1",
            "2": "C2"
        },
        "f1_i": {
            "1": 1,
            "2": 2
        },
        "f2_i": {
            "1": 1,
            "2": 2
        },
        "x": {
            "1": 0.43897398959906625,
            "2": 0.04545454545454548
        },
        "y": {
            "1": 0.273756861827781,
            "2": 0.2796515354168666
        },
        "predicted": {
            "1": 32.32,
            "2": 11.61
        },
        "C": {
            "1": 11,
            "2": 0
        },
        "attached_protons_predicted": {
            "1": 2,
            "2": 3
        },
        "expected_idx": {
            "1": 11.0,
            "2": 0.0
        },
        "expected_ppm": {
            "1": 32.32,
            "2": 11.61
        }
    },
    "h1": {
        "ppm": {
            "1": 3.309042826572111,
            "2": 2.809725261777252,
            "3": 1.001847641444521
        },
        "integral": {
            "1": 1.0,
            "2": 1.0,
            "3": 3.0
        },
        "numProtons": {
            "1": 1.0,
            "2": 1.0,
            "3": 3.0
        },
        "jCouplingClass": {
            "1": "u",
            "2": "u",
            "3": "u"
        },
        "jCouplingVals": {
            "1": -1,
            "2": -1,
            "3": -1
        },
        "range": {
            "1": 0.0,
            "2": 0.0,
            "3": 0.0
        },
        "label": {
            "1": "H1",
            "2": "H2",
            "3": "H3"
        },
        "f1H_i": {
            "1": "H1",
            "2": "H2",
            "3": "H3"
        },
        "f2H_i": {
            "1": "H1",
            "2": "H2",
            "3": "H3"
        },
        "f1_i": {
            "1": 1,
            "2": 2,
            "3": 3
        },
        "f2_i": {
            "1": 1,
            "2": 2,
            "3": 3
        }
    },
    "hsqc": {
        "f2_ppm": {
            "1": 3.309042826572111,
            "2": 2.809725261777252,
            "3": 1.001847641444521
        },
        "f1_ppm": {
            "1": 32.31792989595062,
            "2": 32.31792989595062,
            "3": 11.58371917677896
        },
        "intensity": {
            "1": -0.2761878371238708,
            "2": -0.005617320537567139,
            "3": 1.686318397521973
        },
        "signaltype": {
            "1": "Compound",
            "2": "Compound",
            "3": "Compound"
        },
        "f1_i": {
            "1": 1,
            "2": 1,
            "3": 2
        },
        "f2_i": {
            "1": 1,
            "2": 2,
            "3": 3
        },
        "f2p_i": {
            "1": 1,
            "2": 1,
            "3": 2
        },
        "f1C_i": {
            "1": "C1",
            "2": "C1",
            "3": "C2"
        },
        "f2H_i": {
            "1": "H1",
            "2": "H2",
            "3": "H3"
        },
        "f2Cp_i": {
            "1": "C1",
            "2": "C1",
            "3": "C2"
        },
        "f2p_ppm": {
            "1": 32.31792989595062,
            "2": 32.31792989595062,
            "3": 11.58371917677896
        },
        "f1_ppm_orig": {
            "1": 32.31792989595062,
            "2": 32.31792989595062,
            "3": 11.58371917677896
        },
        "f1_ppm_prob": {
            "1": 56.991754343061814,
            "2": 56.991754343061814,
            "3": 56.991754343061814
        },
        "f2_ppm_orig": {
            "1": 3.309042826572111,
            "2": 2.809725261777252,
            "3": 1.001847641444521
        },
        "f2_ppm_prob": {
            "1": 56.991754343061814,
            "2": 56.991754343061814,
            "3": 56.991754343061814
        },
        "CH2": {
            "1": true,
            "2": true,
            "3": false
        },
        "CH3CH": {
            "1": false,
            "2": false,
            "3": true
        },
        "integral": {
            "1": 2.0,
            "2": 2.0,
            "3": 3.0
        },
        "numProtons": {
            "1": 2.0,
            "2": 2.0,
            "3": 3.0
        },
        "f2_integral": {
            "1": 1,
            "2": 1,
            "3": 3
        }
    },
    "hmbc": {
        "f1_ppm": {},
        "f2_ppm": {},
        "intensity": {},
        "f2p_ppm": {},
        "f1_i": {},
        "f2_i": {},
        "f2p_i": {},
        "f1_ppm_orig": {},
        "f1_ppm_prob": {},
        "f2_ppm_orig": {},
        "f2_ppm_prob": {},
        "f1C_i": {},
        "f2H_i": {},
        "f2Cp_i": {}
    },
    "cosy": {
        "f1_ppm": {},
        "f2_ppm": {},
        "intensity": {},
        "f1_i": {},
        "f1p_i": {},
        "f2_i": {},
        "f2p_i": {},
        "f1p_ppm": {},
        "f2p_ppm": {},
        "f1H_i": {},
        "f2H_i": {},
        "f1Cp_i": {},
        "f2Cp_i": {},
        "f1_ppm_orig": {},
        "f1_ppm_prob": {},
        "f2_ppm_orig": {},
        "f2_ppm_prob": {}
    },
    "c13_df": {
        "ppm": {
            "1": 32.31792989595062,
            "2": 11.58371917677896
        },
        "signaltype": {
            "1": "Compound",
            "2": "Compound"
        },
        "CH2": {
            "1": true,
            "2": false
        },
        "quaternary": {
            "1": false,
            "2": false
        },
        "CH3CH": {
            "1": false,
            "2": true
        }
    },
    "h1_df": {
        "ppm": {
            "1": 3.309042826572111,
            "2": 2.809725261777252,
            "3": 1.001847641444521
        },
        "numProtons": {
            "1": 1.0,
            "2": 1.0,
            "3": 1.0
        },
        "integral": {
            "1": 1.0,
            "2": 1.0,
            "3": 1.0
        },
        "jCouplingVals": {
            "1": -1,
            "2": -1,
            "3": -1
        },
        "jCouplingClass": {
            "1": "u",
            "2": "u",
            "3": "u"
        },
        "intensity": {
            "1": -0.2761878371238708,
            "2": -0.005617320537567139,
            "3": 1.686318397521973
        },
        "range": {
            "1": 0.0,
            "2": 0.0,
            "3": 0.0
        },
        "signaltype": {
            "1": "Compound",
            "2": "Compound",
            "3": "Compound"
        }
    },
    "hsqc_df": {
        "f2_ppm": {
            "1": 3.309042826572111,
            "2": 2.809725261777252,
            "3": 1.001847641444521
        },
        "f1_ppm": {
            "1": 32.31792989595062,
            "2": 32.31792989595062,
            "3": 11.58371917677896
        },
        "intensity": {
            "1": -0.2761878371238708,
            "2": -0.005617320537567139,
            "3": 1.686318397521973
        },
        "signaltype": {
            "1": "Compound",
            "2": "Compound",
            "3": "Compound"
        },
        "CH2": {
            "1": true,
            "2": true,
            "3": false
        },
        "CH3CH": {
            "1": false,