{
  "C1": [
    0.14648630972031892,
    0.438715231346545
  ],
  "C2": [
    0.04545454545454541,
    0.2796515354168665
  ]
}