{
  "C1": [
    0.45186037873535106,
    0.5783826381684091
  ],
  "C2": [
    0.6204896097291345,
    0.3243607786945691
  ],
  "C3": [
    0.628453836207616,
    0.5126298623224007
  ],
  "C4": [
    0.9465812280669731,
    0.3105663337908537
  ],
  "C5": [
    0.9545454545454544,
    0.4988354174186855
  ],
  "C6": [
    0.779553305658813,
    0.22332901442879546
  ],
  "C7": [
    0.7954817586157761,
    0.5998671816844591
  ],
  "C8": [
    0.3347553933481508,
    0.4307510048680636
  ],
  "C9": [
    0.43897398959906625,
    0.273756861827781
  ],
  "C10": [
    0.14648630972031895,
    0.4387152313465451
  ],
  "C11": [
    0.04545454545454548,
    0.2796515354168666
  ]
}