{
  "C1": [
    0.4249265912338256,
    0.44258701882743673
  ],
  "C2": [
    0.641336267521326,
    0.6470190024147832
  ],
  "C3": [
    0.6073956944579263,
    0.4661875939737389
  ],
  "C4": [
    0.9545454545454544,
    0.5882322054309713
  ],
  "C5": [
    0.9206048814820548,
    0.4074007969899269
  ],
  "C6": [
    0.8149111475650901,
    0.7080413081433994
  ],
  "C7": [
    0.7470300014382907,
    0.3463784912613107
  ],
  "C8": [
    0.3460950566080179,
    0.6088324696740205
  ],
  "C9": [
    0.47984359204805543,
    0.7351783839185612
  ],
  "C10": [
    0.1652636481669736,
    0.6427730427374202
  ],
  "C11": [
    0.045454545454545435,
    0.5031387357570558
  ]
}