{
  "C1": [
    0.4075978999079796,
    0.5660574374436983
  ],
  "C2": [
    0.7890691690576612,
    0.399485983331624
  ],
  "C3": [
    0.6058546565626588,
    0.5400035062992817
  ],
  "C4": [
    0.19822239125875746,
    0.5883698205889495
  ],
  "C5": [
    0.2877959571042147,
    0.41284907348813993
  ],
  "C6": [
    0.3197865163347351,
    0.6322500073641519
  ],
  "C7": [
    0.590812412402982,
    0.42553991447604056
  ],
  "C8": [
    0.7228675626392924,
    0.577399773895149
  ],
  "C9": [
    0.8145738324334509,
    0.5188928581948791
  ],
  "C10": [
    0.19429889909362344,
    0.47764777676487363
  ],
  "C11": [
    0.2708639111814477,
    0.2929254234578036
  ],
  "C12": [
    0.48416291199580397,
    0.38133508413662837
  ]
}