{
  "C1": [
    0.4075978999079796,
    0.5660574374436983
  ],
  "C2": [
    0.7890691690576612,
    0.399485983331624
  ],
  "C3": [
    0.6058546565626588,
    0.5400035062992817
  ],
  "C4": [
    0.20932059922008617,
    0.5873301949409864
  ],
  "C5": [
    0.28345360076127224,
    0.41530023261747717
  ],
  "C6": [
    0.3094651802494077,
    0.6394126605985626
  ],
  "C7": [
    0.590812412402982,
    0.42553991447604056
  ],
  "C8": [
    0.6996388725714398,
    0.5983779906865329
  ],
  "C9": [
    0.807586927447202,
    0.5289347031430979
  ],
  "C10": [
    0.19429889909362344,
    0.47764777676487363
  ],
  "C11": [
    0.2708639111814477,
    0.2929254234578036
  ],
  "C12": [
    0.48416291199580397,
    0.38133508413662837
  ]
}