{
  "C1": [
    0.6020954494909317,
    0.40740894994208676
  ],
  "C2": [
    0.19501423050161165,
    0.5715476295902058
  ],
  "C3": [
    0.40050570845788186,
    0.42634802836302355
  ],
  "C4": [
    0.801084032575168,
    0.4010959238017745
  ],
  "C5": [
    0.715245820264321,
    0.5699693730551276
  ],
  "C6": [
    0.6918353987249991,
    0.3569047408195887
  ],
  "C7": [
    0.39920512948347514,
    0.5478737815640348
  ],
  "C8": [
    0.28735533768449256,
    0.3774220757756035
  ],
  "C9": [
    0.18981191460398456,
    0.44528710678396044
  ],
  "C10": [
    0.8036851905239816,
    0.5099956247221611
  ],
  "C11": [
    0.7074423464178804,
    0.7104342046770756
  ],
  "C12": [
    0.5097543423080508,
    0.5952214776163768
  ]
}