{
  "C1": [
    0.4626776808977263,
    0.43661750799137455
  ],
  "C2": [
    0.490402832230844,
    0.5719147505482486
  ],
  "C3": [
    0.16679644509349995,
    0.5217053693391334
  ],
  "C4": [
    0.7399291942289034,
    0.5700864094326151
  ],
  "C5": [
    0.6089639360237891,
    0.49817120340433396
  ],
  "C6": [
    0.6171164102463549,
    0.6513425153536363
  ],
  "C7": [
    0.8661119563593966,
    0.3308793918941521
  ],
  "C8": [
    0.2963267728990201,
    0.590198161704583
  ],
  "C9": [
    0.8422763928227822,
    0.7161610883608879
  ],
  "C10": [
    0.33898085187304733,
    0.5134078348479787
  ],
  "C11": [
    0.8259714443776507,
    0.40981846446228326
  ],
  "C12": [
    0.7538428946367245,
    0.7208679215478477
  ],
  "C13": [
    0.21508943129781172,
    0.5959376087203045
  ],
  "C14": [
    0.690877003408772,
    0.493296082576011
  ],
  "C15": [
    0.7164694507931884,
    0.6413917129423191
  ],
  "C16": [
    0.43209693965167345,
    0.5075848697782538
  ],
  "C17": [
    0.5778436941275998,
    0.573743091663882
  ],
  "C18": [
    0.8824169048045282,
    0.6372220157927567
  ],
  "C19": [
    0.47973931248733714,
    0.7364654509552576
  ],
  "C20": [
    0.951066885150338,
    0.5664297272013483
  ],
  "C21": [
    0.9531995890990393,
    0.32143201770646823
  ],
  "C22": [
    0.7375379461915927,
    0.41452529764924306
  ],
  "C23": [
    0.8252373521769578,
    0.2519550553123977
  ]
}