{
  "C1": [
    0.16613501794949978,
    0.5212348025542193
  ],
  "C2": [
    0.6347686902121356,
    0.43882185003234986
  ],
  "C3": [
    0.48325353869698395,
    0.42255417744951657
  ],
  "C4": [
    0.04545454545454544,
    0.574642033252279
  ],
  "C5": [
    0.589845793474757,
    0.5003629170218263
  ],
  "C6": [
    0.5140882177171812,
    0.4922290807304096
  ],
  "C7": [
    0.07628922447474266,
    0.6443169365331721
  ],
  "C8": [
    0.09037744219192395,
    0.5131009662628028
  ],
  "C9": [
    0.286815490444454,
    0.46782757185615964
  ],
  "C10": [
    0.33173838718183246,
    0.4062865048666832
  ],
  "C11": [
    0.7105262659697112,
    0.44695568632376653
  ],
  "C12": [
    0.8479531997676816,
    0.5944393291769693
  ],
  "C13": [
    0.7413609449899085,
    0.5166305896046597
  ],
  "C14": [
    0.8171185207474843,
    0.5247644258960763
  ],
  "C15": [
    0.9237107755252572,
    0.602573165468386
  ],
  "C16": [
    0.9545454545454546,
    0.6722480687492791
  ]
}