{
  "C1": [
    0.22707217290358345,
    0.4787656418312873
  ],
  "C2": [
    0.6364120045102766,
    0.6097820458951952
  ],
  "C3": [
    0.9545454545454541,
    0.3207915549749086
  ],
  "C4": [
    0.5452056229387612,
    0.18977515091100058
  ],
  "C5": [
    0.469563266784207,
    0.42610761287916105
  ],
  "C6": [
    0.7876967168193848,
    0.1371171219588743
  ],
  "C7": [
    0.8789030983909002,
    0.557124016943069
  ]
}