{
  "C1": [
    0.40936008218019226,
    0.5408329515824802
  ],
  "C2": [
    0.1640991280795357,
    0.53534792823558
  ],
  "C3": [
    0.7697870495107224,
    0.6048248906296504
  ],
  "C4": [
    0.5266587993587671,
    0.6103099139765507
  ],
  "C5": [
    0.643957516537342,
    0.5298629048886796
  ],
  "C6": [
    0.048933114849662174,
    0.5993398672827501
  ]
}