{
  "C1": [
    -0.2092165898617513,
    -0.15981586330874809
  ],
  "C2": [
    -0.7944700460829492,
    -0.11949396011491742
  ],
  "C3": [
    0.6294930875576035,
    -0.3533609986391357
  ],
  "C4": [
    0.07188940092165885,
    -0.3573931889585189
  ],
  "C5": [
    0.3391705069124422,
    -0.15981586330874809
  ],
  "C6": [
    -1.0755760368663594,
    -0.3573931889585189
  ]
}