{
  "C1": [
    0.6216897290237191,
    0.6008180264543469
  ],
  "C2": [
    0.6008113181844867,
    0.3777314570948259
  ],
  "C3": [
    0.32821762662376286,
    0.2161773477170661
  ],
  "C4": [
    0.3837374177152448,
    0.433251248186308
  ],
  "C5": [
    0.9545454545454544,
    0.4571461711134431
  ],
  "C6": [
    0.2695014114456776,
    0.62600409599757
  ],
  "C7": [
    0.806527469906925,
    0.2889373672673892
  ],
  "C8": [
    0.9291035381033237,
    0.8556151706471433
  ],
  "C9": [
    0.04545454545454548,
    0.6234492364468776
  ],
  "C10": [
    0.35468615012295424,
    0.833240882703638
  ]
}