{
  "C1": [
    0.5548175154755676,
    0.40758758536189016
  ],
  "C2": [
    0.6450464540593761,
    0.5862769166064478
  ],
  "C3": [
    0.35495354594062406,
    0.3963834727096954
  ],
  "C4": [
    0.33554745357329735,
    0.7425580225466157
  ],
  "C5": [
    0.2535402843499165,
    0.5507923693013923
  ],
  "C6": [
    0.8427025597561848,
    0.59883244272931
  ],
  "C7": [
    0.5354114231082407,
    0.7537621351988106
  ],
  "C8": [
    0.04544764844483269,
    0.535779846355168
  ],
  "C9": [
    0.9545454545454546,
    0.4299958106662796
  ],
  "C10": [
    0.9402459828366929,
    0.7864889795571139
  ]
}