{
  "C1": [
    0.5548175154755676,
    0.40758758536189016
  ],
  "C2": [
    0.6450464540593761,
    0.5862769166064478
  ],
  "C3": [
    0.35495354594062406,
    0.3963834727096954
  ],
  "C4": [
    0.33554745357329735,
    0.7425580225466157
  ],
  "C5": [
    0.23447835838668063,
    0.5683728328081438
  ],
  "C6": [
    0.8359008719204646,
    0.5927089258415509
  ],
  "C7": [
    0.5354114231082407,
    0.7537621351988106
  ],
  "C8": [
    0.06172933854187035,
    0.5544664939319112
  ],
  "C9": [
    0.9545454545454546,
    0.4299958106662796
  ],
  "C10": [
    0.9340052535607272,
    0.7908742548278658
  ]
}