{
  "C1": [
    0.13424127279771664,
    0.3799389334067381
  ],
  "C2": [
    0.36670600320616503,
    0.3799389334067381
  ],
  "C3": [
    0.7079386349983828,
    0.5426612926981137
  ],
  "C4": [
    0.13850668069511934,
    0.48963940034474407
  ],
  "C5": [
    0.7739476381410637,
    0.43884259929316544
  ],
  "C6": [
    0.260070805771097,
    0.32508869993773504
  ],
  "C7": [
    0.694204036903162,
    0.34406223240881756
  ],
  "C8": [
    0.4742910076952825,
    0.3251148023315767
  ],
  "C9": [
    0.05319852274706491,
    0.3177753354752013
  ]
}