{
  "C1": [
    0.17727735591991362,
    0.5181989913301528
  ],
  "C2": [
    0.47046148842532487,
    0.5693611941574516
  ],
  "C3": [
    0.33863867795995684,
    0.45914512383173917
  ],
  "C4": [
    0.6613613220400434,
    0.34103738883491164
  ],
  "C5": [
    0.8227226440800867,
    0.28198352133649807
  ],
  "C6": [
    0.631822810465368,
    0.5103073266590379
  ],
  "C7": [
    0.7636456209307362,
    0.6205233969847503
  ],
  "C8": [
    0.9250069429707792,
    0.5614695294863367
  ],
  "C9": [
    0.8635118233466932,
    0.7735644660801984
  ],
  "C10": [
    0.040245332547205595,
    0.4058306934070087
  ],
  "C11": [
    0.6322131895551916,
    0.7312047029932335
  ],
  "C12": [
    0.9545454545454546,
    0.3921995916622105
  ],
  "C13": [
    0.5295385115746752,
    0.2308213185091992
  ]
}