{
  "C1": [
    0.17727735591991356,
    0.5181989913301528
  ],
  "C2": [
    0.4704614884253248,
    0.5693611941574516
  ],
  "C3": [
    0.3386386779599567,
    0.45914512383173917
  ],
  "C4": [
    0.6613613220400433,
    0.34103738883491164
  ],
  "C5": [
    0.8227226440800866,
    0.28198352133649807
  ],
  "C6": [
    0.631822810465368,
    0.5103073266590379
  ],
  "C7": [
    0.7636456209307361,
    0.6205233969847503
  ],
  "C8": [
    0.9250069429707792,
    0.5614695294863367
  ],
  "C9": [
    0.8332935262889342,
    0.7688566203596721
  ],
  "C10": [
    0.05597051383656679,
    0.43524919090814196
  ],
  "C11": [
    0.6322131895551913,
    0.7312047029932335
  ],
  "C12": [
    0.9545454545454543,
    0.3921995916622106
  ],
  "C13": [
    0.5295385115746751,
    0.23082131850919907
  ]
}