{
  "C1": [
    0.8810549724786128,
    0.4741352126688523
  ],
  "C2": [
    0.6102357231002624,
    0.5723561437635276
  ],
  "C3": [
    0.7172914072856544,
    0.44506689495102847
  ],
  "C4": [
    0.790781889352496,
    0.5068755230337441
  ],
  "C5": [
    0.6270183241595376,
    0.47780720531592025
  ],
  "C6": [
    0.11894502752138716,
    0.4851511906100565
  ],
  "C7": [
    0.04545454545454545,
    0.42334256252734087
  ],
  "C8": [
    0.446472157907304,
    0.5432878260457039
  ],
  "C9": [
    0.3561990747811873,
    0.5760281364105958
  ],
  "C10": [
    0.9545454545454544,
    0.5359438407515678
  ],
  "C11": [
    0.2827085927143456,
    0.5142195083278801
  ],
  "C12": [
    0.1924355095882288,
    0.546959818692772
  ]
}