{
  "C1": [
    0.568631729925219,
    0.44279733580235237
  ],
  "C2": [
    0.3573822917156797,
    0.5213389248887774
  ],
  "C3": [
    0.8684696422226298,
    0.3524207127440002
  ],
  "C4": [
    0.10621936518083572,
    0.2921696307050987
  ],
  "C5": [
    0.2259598301567497,
    0.4965929447656572
  ],
  "C6": [
    0.7915631647177744,
    0.4793783498973996
  ],
  "C7": [
    0.7964509940541684,
    0.31427563668219827
  ],
  "C8": [
    0.7942102463332286,
    0.56830294339733
  ],
  "C9": [
    0.29118431107858905,
    0.45786010631207763
  ],
  "C10": [
    0.7203862730835624,
    0.3502348305324602
  ],
  "C11": [
    0.15586785065865372,
    0.43203821400969133
  ],
  "C12": [
    0.34375329570216107,
    0.6084878114093313
  ],
  "C13": [
    0.4625202609628237,
    0.7085476440810783
  ],
  "C14": [
    0.4265007714985244,
    0.6246264940983226
  ],
  "C15": [
    0.568631729925219,
    0.6117155479471295
  ],
  "C16": [
    0.49951325014237435,
    0.48260608643519787
  ],
  "C17": [
    0.4946457515661177,
    0.5632994998801552
  ],
  "C18": [
    0.8648196543086268,
    0.4433843616882742
  ],
  "C19": [
    0.5462412364744383,
    0.6902571370335546
  ],
  "C20": [
    0.7146566872129191,
    0.6095637235885973
  ],
  "C21": [
    0.7195241857891758,
    0.44064551144382014
  ],
  "C22": [
    0.8937806348191644,
    0.5234907492473095
  ],
  "C23": [
    0.0974578677435737,
    0.4869097351522623
  ],
  "C24": [
    0.21233083414323106,
    0.36317983453666114
  ],
  "C25": [
    0.26197931962104903,
    0.5869695678240093
  ],
  "C26": [
    0.04780938226575571,
    0.23191854866619754
  ],
  "C27": [
    0.6406707088538177,
    0.4783024377181335
  ],
  "C28": [
    0.9531641174494957,
    0.42343091657556253
  ],
  "C29": [
    0.6426177082843204,
    0.4019126729902408
  ],
  "C30": [
    0.419686273491765,
    0.5331739588607044
  ],
  "C31": [
    0.6338562108470583,
    0.660131596014104
  ]
}