{
  "C1": [
    0.1719568732479438,
    0.6178449975503174
  ],
  "C2": [
    0.40909978854051593,
    0.6415330686282757
  ],
  "C3": [
    0.7716523185860954,
    0.608607912254924
  ],
  "C4": [
    0.7853286327995377,
    0.4716933862743449
  ],
  "C5": [
    0.29736648800095106,
    0.5612317700990072
  ],
  "C6": [
    0.5345094032935233,
    0.5849198411769655
  ],
  "C7": [
    0.6462427038330881,
    0.6652211397062344
  ],
  "C8": [
    0.8697093049122181,
    0.8258237367647719
  ]
}