{
  "C1": [
    0.6489518244407634,
    0.5396726464854013
  ],
  "C2": [
    0.5335899232378926,
    0.2534077419919491
  ],
  "C3": [
    0.22799629313320144,
    0.21018162681577976
  ],
  "C4": [
    0.34335819433607234,
    0.49644653130923194
  ],
  "C5": [
    0.5086333140049095,
    0.4298423065955275
  ],
  "C6": [
    0.20303968390021832,
    0.386616191419358
  ],
  "C7": [
    0.39327141280203853,
    0.14357740210207523
  ],
  "C8": [
    0.9545454545454544,
    0.5828987616615706
  ],
  "C9": [
    0.31840158510308925,
    0.6728810959128103
  ],
  "C10": [
    0.15312646543425223,
    0.7394853206265148
  ],
  "C11": [
    0.12816985620126917,
    0.9159198852300932
  ]
}