{
  "C1": [
    0.6944125936238774,
    0.6165065648110535
  ],
  "C2": [
    0.2617738948443227,
    0.6165065648110535
  ],
  "C3": [
    0.47809324423410005,
    0.24183046100771535
  ],
  "C4": [
    0.26177389484432273,
    0.366722495608828
  ],
  "C5": [
    0.47809324423410005,
    0.7413985994121661
  ],
  "C6": [
    0.6944125936238774,
    0.366722495608828
  ],
  "C7": [
    0.045454545454545435,
    0.7413985994121662
  ]
}