{
  "C1": [
    0.17538666717737572,
    0.531071858120868
  ],
  "C2": [
    0.41458745882760717,
    0.546443120915452
  ],
  "C3": [
    0.7867005503713106,
    0.36234605293287914
  ],
  "C4": [
    0.7778259476590729,
    0.5004486943825117
  ],
  "C5": [
    0.5386251560088415,
    0.48507743158792777
  ],
  "C6": [
    0.5522512467431835,
    0.34154376997843594
  ],
  "C7": [
    0.3069902926425269,
    0.47318433030404317
  ],
  "C8": [
    0.6715374559023136,
    0.28560910081077084
  ],
  "C9": [
    0.6537882504778384,
    0.5618143837100361
  ],
  "C10": [
    0.8841144394158323,
    0.7152882879542528
  ]
}