{
  "C1": [
    -0.8129032258064516,
    -0.10739738915676811
  ],
  "C2": [
    -0.18156682027649773,
    -0.147719292350599
  ],
  "C3": [
    0.6847926267281101,
    0.5054955393894591
  ],
  "C4": [
    0.6801843317972347,
    -0.018689202130340643
  ],
  "C5": [
    0.09953917050691219,
    0.04179365266040547
  ],
  "C6": [
    0.09493087557603674,
    0.5538818232220559
  ],
  "C7": [
    -0.4811059907834101,
    0.12243745904806702
  ],
  "C8": [
    0.42211981566820267,
    0.7554913391912099
  ],
  "C9": [
    0.34838709677419333,
    -0.18804119554442966
  ],
  "C10": [
    0.9152073732718891,
    -0.7404512692999109
  ]
}