{
  "C1": [
    0.3249157542235195,
    0.5163449722381201
  ],
  "C2": [
    0.46464635860800646,
    0.5192616785658941
  ],
  "C3": [
    0.25589243262301964,
    0.47454986804652677
  ],
  "C4": [
    0.18518514983903242,
    0.5134282659103462
  ],
  "C5": [
    0.11616182823853272,
    0.47163316171875275
  ],
  "C6": [
    0.045454545454545484,
    0.510511559582572
  ]
}