{
  "C1": [
    0.7626973859200632,
    0.5060223491656641
  ],
  "C2": [
    0.570849317294672,
    0.4531663935821228
  ],
  "C3": [
    0.3484848484848484,
    0.5110739720629609
  ],
  "C4": [
    0.37900124866928087,
    0.4003104379985814
  ],
  "C5": [
    0.49018348307419274,
    0.3713566487581624
  ],
  "C6": [
    0.9545454545454544,
    0.5588783047492053
  ],
  "C7": [
    0.9043960205094074,
    0.3663050258608657
  ],
  "C8": [
    0.23730261407993658,
    0.5400277613033799
  ],
  "C9": [
    0.15663677985945726,
    0.4582180164794196
  ],
  "C10": [
    0.04545454545454542,
    0.48717180571983865
  ]
}