{
  "C1": [
    0.8986274556556761,
    0.3158700709075589
  ],
  "C2": [
    0.43822249871567837,
    0.7246385134927782
  ],
  "C3": [
    0.29775996947974676,
    0.2843049402059976
  ],
  "C4": [
    0.3445808125583906,
    0.5462955250289566
  ],
  "C5": [
    0.21582349409212004,
    0.2843049402059976
  ],
  "C6": [
    0.3068640223005942,
    0.45317838945935074
  ],
  "C7": [
    0.8857802653783615,
    0.48216275343769466
  ],
  "C8": [
    0.7854770848822867,
    0.47685223748552175
  ],
  "C9": [
    0.9387163053816358,
    0.39918314431254415
  ],
  "C10": [
    0.3487334923370268,
    0.3730582310467764
  ],
  "C11": [
    0.5832472447146649,
    0.6394136667882734
  ],
  "C12": [
    0.33365026414599924,
    0.7136849689415419
  ],
  "C13": [
    0.6361832864666035,
    0.5564340587786666
  ]
}