{
    "c13": {
        "ppm": {
            "1": 177.5,
            "2": 63.9,
            "3": 48.8,
            "4": 31.7,
            "5": 26.5
        },
        "numProtons": {
            "1": 0,
            "2": 1,
            "3": 2,
            "4": 2,
            "5": 2
        },
        "attached_protons": {
            "1": 0,
            "2": 1,
            "3": 2,
            "4": 2,
            "5": 2
        },
        "CH2": {
            "1": false,
            "2": false,
            "3": true,
            "4": true,
            "5": true
        },
        "CH3CH": {
            "1": false,
            "2": true,
            "3": false,
            "4": false,
            "5": false
        },
        "quaternary": {
            "1": true,
            "2": false,
            "3": false,
            "4": false,
            "5": false
        },
        "ppmH1s": {
            "1": null,
            "2": null,
            "3": null,
            "4": null,
            "5": null
        },
        "max_bonds": {
            "1": 4,
            "2": 4,
            "3": 4,
            "4": 4,
            "5": 4
        },
        "label": {
            "1": "C1",
            "2": "C2",
            "3": "C3",
            "4": "C4",
            "5": "C5"
        },
        "f2C_i": {
            "1": "C1",
            "2": "C2",
            "3": "C3",
            "4": "C4",
            "5": "C5"
        },
        "f1C_i": {
            "1": "C1",
            "2": "C2",
            "3": "C3",
            "4": "C4",
            "5": "C5"
        },
        "f1_i": {
            "1": 1,
            "2": 2,
            "3": 3,
            "4": 4,
            "5": 5
        },
        "f2_i": {
            "1": 1,
            "2": 2,
            "3": 3,
            "4": 4,
            "5": 5
        },
        "signaltype": {
            "1": "Compound",
            "2": "Compound",
            "3": "Compound",
            "4": "Compound",
            "5": "Compound"
        },
        "x": {
            "1": 0.768362339156119,
            "2": 0.48362313144104674,
            "3": 0.045454545454545456,
            "4": 0.31625762439668414,
            "5": 0.045454545454545456
        },
        "y": {
            "1": 0.49050905059009126,
            "2": 0.49050905059009126,
            "3": 0.6328786544476273,
            "4": 0.26015019258373967,
            "5": 0.34813944673255504
        },
        "predicted": {
            "1": 175.27,
            "2": 62.29,
            "3": 47.42,
            "4": 30.13,
            "5": 24.84
        },
        "C": {
            "1": 1,
            "2": 3,
            "3": 6,
            "4": 4,
            "5": 5
        },
        "attached_protons_predicted": {
            "1": 0,
            "2": 1,
            "3": 2,
            "4": 2,
            "5": 2
        }
    },
    "h1": {
        "ppm": {
            "1": 4.12,
            "2": 3.4,
            "3": 3.32,
            "4": 2.33,
            "5": 2.1,
            "6": 2.0
        },
        "integral": {
            "1": 1.0,
            "2": 1.0,
            "3": 1.0,
            "4": 1.0,
            "5": 1.0,
            "6": 2.0
        },
        "numProtons": {
            "1": 1.0,
            "2": 1.0,
            "3": 1.0,
            "4": 1.0,
            "5": 1.0,
            "6": 2.0
        },
        "jCouplingClass": {
            "1": "s",
            "2": "s",
            "3": "s",
            "4": "s",
            "5": "s",
            "6": "s"
        },
        "jCouplingVals": {
            "1": 0.0,
            "2": 0.0,
            "3": 0.0,
            "4": 0.0,
            "5": 0.0,
            "6": 0.0
        },
        "range": {
            "1": 0.0,
            "2": 0.0,
            "3": 0.0,
            "4": 0.0,
            "5": 0.0,
            "6": 0.0
        },
        "label": {
            "1": "H1",
            "2": "H2",
            "3": "H3",
            "4": "H4",
            "5": "H5",
            "6": "H6"
        },
        "f1H_i": {
            "1": "H1",
            "2": "H2",
            "3": "H3",
            "4": "H4",
            "5": "H5",
            "6": "H6"
        },
        "f2H_i": {
            "1": "H1",
            "2": "H2",
            "3": "H3",
            "4": "H4",
            "5": "H5",
            "6": "H6"
        },
        "f1_i": {
            "1": 1,
            "2": 2,
            "3": 3,
            "4": 4,
            "5": 5,
            "6": 6
        },
        "f2_i": {
            "1": 1,
            "2": 2,
            "3": 3,
            "4": 4,
            "5": 5,
            "6": 6
        }
    },
    "hsqc": {
        "f2_ppm": {
            "1": 4.12,
            "2": 3.4,
            "3": 3.32,
            "4": 2.33,
            "5": 2.1,
            "6": 2.0
        },
        "f1_ppm": {
            "1": 63.9,
            "2": 48.8,
            "3": 48.8,
            "4": 31.7,
            "5": 31.7,
            "6": 26.5
        },
        "intensity": {
            "1": 0.2,
            "2": -0.2,
            "3": -0.2,
            "4": -0.3,
            "5": -0.2,
            "6": -0.2
        },
        "signaltype": {
            "1": "Compound",
            "2": "Compound",
            "3": "Compound",
            "4": "Compound",
            "5": "Compound",
            "6": "Compound"
        },
        "f1_i": {
            "1": 2,
            "2": 3,
            "3": 3,
            "4": 4,
            "5": 4,
            "6": 5
        },
        "f2_i": {
            "1": 1,
            "2": 2,
            "3": 3,
            "4": 4,
            "5": 5,
            "6": 6
        },
        "f2p_i": {
            "1": 2,
            "2": 3,
            "3": 3,
            "4": 4,
            "5": 4,
            "6": 5
        },
        "f1C_i": {
            "1": "C2",
            "2": "C3",
            "3": "C3",
            "4": "C4",
            "5": "C4",
            "6": "C5"
        },
        "f2H_i": {
            "1": "H1",
            "2": "H2",
            "3": "H3",
            "4": "H4",
            "5": "H5",
            "6": "H6"
        },
        "f2Cp_i": {
            "1": "C2",
            "2": "C3",
            "3": "C3",
            "4": "C4",
            "5": "C4",
            "6": "C5"
        },
        "f2p_ppm": {
            "1": 63.9,
            "2": 48.8,
            "3": 48.8,
            "4": 31.7,
            "5": 31.7,
            "6": 26.5
        },
        "f1_ppm_orig": {
            "1": 63.9,
            "2": 48.8,
            "3": 48.8,
            "4": 31.7,
            "5": 31.7,
            "6": 26.5
        },
        "f1_ppm_prob": {
            "1": 79.78845608028654,
            "2": 79.78845608028654,
            "3": 79.78845608028654,
            "4": 79.78845608028654,
            "5": 79.78845608028654,
            "6": 79.78845608028654
        },
        "f2_ppm_orig": {
            "1": 4.12,
            "2": 3.4,
            "3": 3.32,
            "4": 2.33,
            "5": 2.1,
            "6": 2.0
        },
        "f2_ppm_prob": {
            "1": 79.78845608028654,
            "2": 79.78845608028654,
            "3": 79.78845608028654,
            "4": 79.78845608028654,
            "5": 79.78845608028654,
            "6": 79.78845608028654
        },
        "CH2": {
            "1": false,
            "2": true,
            "3": true,
            "4": true,
            "5": true,
            "6": true
        },
        "CHCH3": {
            "1": true,
            "2": false,
            "3": false,
            "4": false,
            "5": false,
            "6": false
        },
        "f2_integral": {
            "1": 1,
            "2": 1,
            "3": 1,
            "4": 1,
            "5": 1,
            "6": 2
        }
    },
    "hmbc": {
        "f1_ppm": {
            "1": 26.5,
            "2": 31.7,
            "3": 177.5,