{
  "C1": [
    0.768362339156119,
    0.49050905059009126
  ],
  "C2": [
    0.48362313144104674,
    0.49050905059009126
  ],
  "C3": [
    0.045454545454545456,
    0.6328786544476274
  ],
  "C4": [
    0.31625762439668414,
    0.26015019258373967
  ],
  "C5": [
    0.045454545454545456,
    0.34813944673255504
  ]
}