{
  "C1": [
    0.6759950080034725,
    0.15304682381008394
  ],
  "C2": [
    -0.14470046082949328,
    0.1264696493674502
  ],
  "C3": [
    -1.355530535283106,
    -0.4165000588027752
  ],
  "C4": [
    -0.5937084565506392,
    1.095571310965878
  ],
  "C5": [
    -1.3587861851922192,
    0.7377144201206298
  ]
}