{
  "C1": [
    0.5281105990783406,
    0.1506627912837486
  ],
  "C2": [
    -0.14470046082949328,
    0.1264696493674502
  ],
  "C3": [
    -1.0847926267281105,
    -0.36545756959728504
  ],
  "C4": [
    -0.4949308755760369,
    0.8643604778145528
  ],
  "C5": [
    -1.1170506912442395,
    0.6063002973740361
  ]
}