{
  "C1": [
    0.8362738714309927,
    0.45418934475889416
  ],
  "C2": [
    0.7042618476331495,
    0.5416460502191871
  ],
  "C3": [
    0.21902846286269867,
    0.5113039279166365
  ],
  "C4": [
    0.5883053402431521,
    0.457759006206253
  ],
  "C5": [
    0.33141707771761925,
    0.45061968331153524
  ],
  "C6": [
    0.4652130477830009,
    0.5291522351534309
  ]
}