{
  "C1": [
    0.8205414778481022,
    0.45788937614887765
  ],
  "C2": [
    0.7003982044189593,
    0.5262087350004299
  ],
  "C3": [
    0.221635783460112,
    0.5230725577881712
  ],
  "C4": [
    0.34177905688925475,
    0.454753198936619
  ],
  "C5": [
    0.5811602673686784,
    0.4563212875427483
  ],
  "C6": [
    0.4610169939395356,
    0.5246406463943005
  ]
}