{
  "C1": [
    0.8205414778481022,
    0.45788937614887765
  ],
  "C2": [
    0.7003982044189593,
    0.5262087350004299
  ],
  "C3": [
    0.221635783460112,
    0.5230725577881712
  ],
  "C4": [
    0.5842418059737039,
    0.451244236916442
  ],
  "C5": [
    0.3517770755652555,
    0.4585576013789757
  ],
  "C6": [
    0.4610169939395356,
    0.5246406463943005
  ]
}