{
  "C1": [
    0.7888682549532219,
    0.4997500549026742
  ],
  "C2": [
    0.17952505137584016,
    0.7108327324712365
  ],
  "C3": [
    0.5451309735222692,
    0.49975005490267427
  ],
  "C4": [
    0.42326233280679276,
    0.7108327324712366
  ]
}