{
  "C1": [
    0.3094458089624559,
    0.646656892050388
  ],
  "C2": [
    0.7788571904275918,
    0.6854513521624593
  ],
  "C3": [
    0.8034010322501588,
    0.3222278668844551
  ],
  "C4": [
    0.6277127681322963,
    0.5840176855805534
  ],
  "C5": [
    0.48453742346363443,
    0.6964198465305897
  ],
  "C6": [
    0.547194616402716,
    0.8673218689885543
  ],
  "C7": [
    0.9545454545454544,
    0.42366153346636115
  ],
  "C8": [
    0.6399846890435796,
    0.4024059429415513
  ],
  "C9": [
    0.9422735336341711,
    0.6052732761053634
  ],
  "C10": [
    0.08990436995791137,
    0.42037867418243313
  ],
  "C11": [
    0.04545454545454541,
    0.24386341079467982
  ]
}