{
  "C1": [
    0.3094458089624559,
    0.646656892050388
  ],
  "C2": [
    0.7788571904275918,
    0.6854513521624593
  ],
  "C3": [
    0.49022918001107374,
    0.6969042686120974
  ],
  "C4": [
    0.6277127681322963,
    0.5840176855805534
  ],
  "C5": [
    0.8050667129875912,
    0.33801837525495393
  ],
  "C6": [
    0.9592285394795411,
    0.41603704772389816
  ],
  "C7": [
    0.6530761798265138,
    0.4048915230854776
  ],
  "C8": [
    0.9505433661560511,
    0.6121982813601008
  ],
  "C9": [
    0.5488540999446321,
    0.8663162431160907
  ],
  "C10": [
    0.08990436995791137,
    0.42037867418243313
  ],
  "C11": [
    0.04545454545454541,
    0.24386341079467982
  ]
}