{
  "C1": [
    0.888222823860422,
    0.30482227516201243
  ],
  "C2": [
    0.43692191974127154,
    0.7167472308173879
  ],
  "C3": [
    0.2050085952722384,
    0.2813703171808314
  ],
  "C4": [
    0.34328023358398385,
    0.5494520380991128
  ],
  "C5": [
    0.31206633819822127,
    0.2811484271358414
  ],
  "C6": [
    0.8857802653783615,
    0.48216275343769466
  ],
  "C7": [
    0.7874497976269056,
    0.4778086036972289
  ],
  "C8": [
    0.2957974505850881,
    0.45603783905638323
  ],
  "C9": [
    0.9387163053816358,
    0.39918314431254415
  ],
  "C10": [
    0.3487334923370268,
    0.3730582310467764
  ],
  "C11": [
    0.5832472447146649,
    0.6394136667882734
  ],
  "C12": [
    0.33365026414599924,
    0.7136849689415419
  ],
  "C13": [
    0.6361832864666035,
    0.5564340587786666
  ]
}