{
  "C1": [
    0.2161934343685273,
    0.5898496220533346
  ],
  "C2": [
    0.6854331835080467,
    0.5564221726162417
  ],
  "C3": [
    0.25474854828664917,
    0.36717608538429863
  ],
  "C4": [
    0.29975130449622506,
    0.4896427564184488
  ],
  "C5": [
    0.4668670447516209,
    0.2892290251486773
  ],
  "C6": [
    0.5952878184774294,
    0.26617607617658406
  ],
  "C7": [
    0.47331468704307506,
    0.6343692328518632
  ],
  "C8": [
    0.3897568169153773,
    0.7345760984867489
  ],
  "C9": [
    0.8050667129875912,
    0.5788270719379144
  ],
  "C10": [
    0.4989143533345638,
    0.40357759950451566
  ],
  "C11": [
    0.26119619057810334,
    0.7123162930874847
  ],
  "C12": [
    0.42831193083349894,
    0.511902561817713
  ],
  "C13": [
    0.4664643552061726,
    0.15875614895682177
  ],
  "C14": [
    0.8589965660548964,
    0.7011486490496561
  ]
}