{
  "C1": [
    0.22080319131612366,
    0.5880144179046417
  ],
  "C2": [
    0.6878168731204743,
    0.5532637631997528
  ],
  "C3": [
    0.2579007936077125,
    0.37655339587822034
  ],
  "C4": [
    0.30262731857721803,
    0.48988674526753895
  ],
  "C5": [
    0.4662755730994069,
    0.29363139999333354
  ],
  "C6": [
    0.5920317432393348,
    0.2710567768303289
  ],
  "C7": [
    0.4725894332131662,
    0.6316102909687362
  ],
  "C8": [
    0.3907653059520719,
    0.7297379636058389
  ],
  "C9": [
    0.8115805929802088,
    0.5739426359714215
  ],
  "C10": [
    0.507599526658054,
    0.41415134637216344
  ],
  "C11": [
    0.2648721850035506,
    0.7079400270737918
  ],
  "C12": [
    0.4285204395257393,
    0.5116846817995863
  ],
  "C13": [
    0.46417366004060323,
    0.16976466816153335
  ],
  "C14": [
    0.8484925796050419,
    0.6886163849779479
  ]
}