{
  "C1": [
    0.17275345971373338,
    0.34431793911977265
  ],
  "C2": [
    0.8706222631180441,
    0.665928593411769
  ],
  "C3": [
    0.8532433061275796,
    0.4516430500358421
  ],
  "C4": [
    0.730608509392398,
    0.5027830417909944
  ],
  "C5": [
    0.7413492955015277,
    0.6352187908950571
  ],
  "C6": [
    0.3870790089330334,
    0.42815310675743184
  ],
  "C7": [
    0.3016617064029671,
    0.3221830970478712
  ],
  "C8": [
    0.2080200202456794,
    0.5699693730551276
  ],
  "C9": [
    0.3386767523298733,
    0.5518940202934092
  ],
  "C10": [
    0.24443623152906907,
    0.8003948271765254
  ],
  "C11": [
    0.13258643973008655,
    0.4705392113452095
  ],
  "C12": [
    0.5005350562939712,
    0.49730740846187393
  ],
  "C13": [
    0.15891059281548317,
    0.6955878067785453
  ],
  "C14": [
    0.04804880639364624,
    0.6220518387127039
  ],
  "C15": [
    0.4216383986379432,
    0.6556820608802275
  ],
  "C16": [
    0.6190029761582198,
    0.43739582410857003
  ],
  "C17": [
    0.07406038588178172,
    0.7956600575712912
  ],
  "C18": [
    0.37323614203478306,
    0.7794229744162047
  ],
  "C19": [
    0.47096495308990804,
    0.5643207683261449
  ],
  "C20": [
    0.3525196192281236,
    0.20062415263463648
  ]
}