{
  "C1": [
    0.8877130262362347,
    0.3733592116778983
  ],
  "C2": [
    0.7776736110358462,
    0.5368259858184883
  ],
  "C3": [
    0.6814307669297449,
    0.5589215773095813
  ],
  "C4": [
    0.2769507058892384,
    0.5510302946341908
  ],
  "C5": [
    0.4395230776900851,
    0.6125822995022354
  ],
  "C6": [
    0.5331647638473728,
    0.6046910168268451
  ],
  "C7": [
    0.3705923920465261,
    0.5368259858184883
  ],
  "C8": [
    0.3848987607650006,
    0.5952214776163768
  ],
  "C9": [
    0.44862713051093256,
    0.6646647651598117
  ],
  "C10": [
    0.4993497105127967,
    0.6914951262561388
  ],
  "C11": [
    0.4772398679478815,
    0.5841736818708303
  ],
  "C12": [
    0.5344653428217795,
    0.6504604563441091
  ],
  "C13": [
    0.7185556204210348,
    0.4550677934435597
  ],
  "C14": [
    0.772294782521307,
    0.47627606692398133
  ],
  "C15": [
    0.32265303340158974,
    0.5139760707887328
  ],
  "C16": [
    0.6733191357664459,
    0.4910031362602745
  ],
  "C17": [
    0.7355609753124013,
    0.5693550260378326
  ],
  "C18": [
    0.8644811048103268,
    0.49176359987430424
  ],
  "C19": [
    0.5828461664572677,
    0.5628738218937043
  ],
  "C20": [
    0.21517470920104526,
    0.4715595238278895
  ],
  "C21": [
    0.15293286965508984,
    0.39320763405033143
  ],
  "C22": [
    0.04545454545454544,
    0.3507910870894881
  ],
  "C23": [
    0.8335859411021476,
    0.3935569111049858
  ],
  "C24": [
    0.8240141193369641,
    0.45053119157745203
  ],
  "C25": [
    0.161435547100773,
    0.4503512503474678
  ],
  "C26": [
    0.42162868015645094,
    0.49924900145243956
  ]
}