{
  "C1": [
    0.2205983921983437,
    0.45702832006358407
  ],
  "C2": [
    0.4652474129807139,
    0.41309144885476223
  ],
  "C3": [
    0.6256223700015437,
    0.6029952802588711
  ],
  "C4": [
    0.870271390783914,
    0.5590584090500493
  ],
  "C5": [
    0.5413483062400034,
    0.8368359828718016
  ],
  "C6": [
    0.9545454545454544,
    0.3252177064371189
  ]
}