{
  "C1": [
    0.3055634433261874,
    0.43739582410857003
  ],
  "C2": [
    0.4824421838455086,
    0.39951766726669646
  ],
  "C3": [
    0.35029411557011825,
    0.514671188315663
  ],
  "C4": [
    0.16951719852271369,
    0.514671188315663
  ],
  "C5": [
    0.6158102124834937,
    0.48431700559360114
  ],
  "C6": [
    0.12997224791859396,
    0.7119733760090656
  ],
  "C7": [
    0.8008240885241968,
    0.5207420248600755
  ],
  "C8": [
    0.4194977791273278,
    0.6967962846480347
  ],
  "C9": [
    0.7683407362422413,
    0.7028671211924471
  ],
  "C10": [
    0.29775996947974676,
    0.8019730837116035
  ],
  "C11": [
    0.5946254175170009,
    0.6634066836537665
  ],
  "C12": [
    0.04240842872375737,
    0.3962898756996215
  ],
  "C13": [
    0.9632408499339744,
    0.41146696706065244
  ]
}