{
  "C1": [
    0.8305681277230191,
    0.4010463801141734
  ],
  "C2": [
    0.1969792162538997,
    0.33775624759836553
  ],
  "C3": [
    0.7685695582149987,
    0.654206910177405
  ],
  "C4": [
    0.582642031930755,
    0.47488486804928265
  ],
  "C5": [
    0.6797826659546246,
    0.3663874980221834
  ],
  "C6": [
    0.8778181920651678,
    0.5442026322332627
  ],
  "C7": [
    0.43185657016236045,
    0.4417328938743357
  ],
  "C8": [
    0.30816460127500095,
    0.5652993430718654
  ],
  "C9": [
    0.6290375586287226,
    0.6300963835047162
  ],
  "C10": [
    0.18538033457940778,
    0.5065299343071865
  ],
  "C11": [
    0.5123555002568644,
    0.7461282931170308
  ],
  "C12": [
    0.674927872057711,
    0.7732526356238055
  ],
  "C13": [
    0.37969644486737353,
    0.723524674361385
  ],
  "C14": [
    0.043294034066882106,
    0.5773546064082097
  ],
  "C15": [
    0.630487418838034,
    0.22021743006900796
  ]
}