{
  "C1": [
    0.8413231842118847,
    0.38606220777597644
  ],
  "C2": [
    0.1854759424867245,
    0.37715953189735285
  ],
  "C3": [
    0.8021120779374052,
    0.659214877749611
  ],
  "C4": [
    0.5851604797659307,
    0.488680728618603
  ],
  "C5": [
    0.6836184166727418,
    0.3634236650131827
  ],
  "C6": [
    0.9005700148442163,
    0.5339578141441905
  ],
  "C7": [
    0.42745571222678785,
    0.46604218585580914
  ],
  "C8": [
    0.32899777531997665,
    0.5912992494612294
  ],
  "C9": [
    0.6444073103982624,
    0.6365763349868171
  ],
  "C10": [
    0.17944605303074418,
    0.5363667483046081
  ],
  "C11": [
    0.5459493734914511,
    0.7618333985922373
  ],
  "C12": [
    0.7036541410305941,
    0.7844719413550311
  ],
  "C13": [
    0.3882446059523083,
    0.7391948558294437
  ],
  "C14": [
    0.04710042923496569,
    0.6250681191232386
  ],
  "C15": [
    0.6243715860404101,
    0.2155280586449686
  ]
}