{
  "C1": [
    0.1710858579432349,
    0.3817445399038764
  ],
  "C2": [
    0.5669269599340102,
    0.5537229084068389
  ],
  "C3": [
    0.3370628979392738,
    0.36530042744469404
  ],
  "C4": [
    0.40399190428309595,
    0.5180724626810082
  ],
  "C5": [
    0.27937926504079624,
    0.6289348854467292
  ],
  "C6": [
    0.8422037350651895,
    0.4660926796348619
  ],
  "C7": [
    0.29582337749997856,
    0.7949119254427682
  ],
  "C8": [
    0.9545454545454546,
    0.3428120051370541
  ]
}