{
    "c13": {
        "ppm": {
            "1": 184.1,
            "2": 177.4,
            "3": 57.4,
            "4": 36.2,
            "5": 29.7
        },
        "numProtons": {
            "1": 0,
            "2": 0,
            "3": 0,
            "4": 0,
            "5": 0
        },
        "attached_protons": {
            "1": 0,
            "2": 0,
            "3": 1,
            "4": 1,
            "5": 2
        },
        "ppmH1s": {
            "1": null,
            "2": null,
            "3": null,
            "4": null,
            "5": null
        },
        "max_bonds": {
            "1": 4,
            "2": 4,
            "3": 4,
            "4": 4,
            "5": 4
        },
        "label": {
            "1": "C1",
            "2": "C2",
            "3": "C3",
            "4": "C4",
            "5": "C5"
        },
        "f2C_i": {
            "1": "C1",
            "2": "C2",
            "3": "C3",
            "4": "C4",
            "5": "C5"
        },
        "f1C_i": {
            "1": "C1",
            "2": "C2",
            "3": "C3",
            "4": "C4",
            "5": "C5"
        },
        "f1_i": {
            "1": 1,
            "2": 2,
            "3": 3,
            "4": 4,
            "5": 5
        },
        "f2_i": {
            "1": 1,
            "2": 2,
            "3": 3,
            "4": 4,
            "5": 5
        },
        "x": {
            "1": 0.20246082451767416,
            "2": 0.7888251150668769,
            "3": 0.6465910726373005,
            "4": 0.35340892736269924,
            "5": 0.4956429697922756
        },
        "y": {
            "1": 0.47614161302642666,
            "2": 0.4459552222668633,
            "3": 0.5381362152046957,
            "4": 0.5532294105844773,
            "5": 0.461048417646645
        },
        "predicted": {
            "1": 180.71,
            "2": 175.16,
            "3": 55.19,
            "4": 33.1,
            "5": 27.28
        },
        "C": {
            "1": 4,
            "2": 7,
            "3": 1,
            "4": 3,
            "5": 2
        },
        "attached_protons_predicted": {
            "1": 0.0,
            "2": 0.0,
            "3": NaN,
            "4": NaN,
            "5": NaN
        }
    },
    "h1": {
        "ppm": {
            "1": 3.75,
            "2": 2.34,
            "3": 2.11,
            "4": 2.06
        },
        "integral": {
            "1": 1.0,
            "2": 1.0,
            "3": 1.0,
            "4": 1.0
        },
        "numProtons": {
            "1": 1.0,
            "2": 1.0,
            "3": 1.0,
            "4": 1.0
        },
        "jCouplingClass": {
            "1": "s",
            "2": "s",
            "3": "s",
            "4": "s"
        },
        "jCouplingVals": {
            "1": 0.0,
            "2": 0.0,
            "3": 0.0,
            "4": 0.0
        },
        "range": {
            "1": 0.0,
            "2": 0.0,
            "3": 0.0,
            "4": 0.0
        },
        "label": {
            "1": "H1",
            "2": "H2",
            "3": "H3",
            "4": "H4"
        },
        "f1H_i": {
            "1": "H1",
            "2": "H2",
            "3": "H3",
            "4": "H4"
        },
        "f2H_i": {
            "1": "H1",
            "2": "H2",
            "3": "H3",
            "4": "H4"
        },
        "f1_i": {
            "1": 1,
            "2": 2,
            "3": 3,
            "4": 4
        },
        "f2_i": {
            "1": 1,
            "2": 2,
            "3": 3,
            "4": 4
        }
    },
    "hsqc": {
        "f2_ppm": {
            "1": 3.75,
            "2": 2.34,
            "3": 2.11,
            "4": 2.06
        },
        "f1_ppm": {
            "1": 57.4,
            "2": 36.2,
            "3": 29.7,
            "4": 29.7
        },
        "intensity": {
            "1": 0.2,
            "2": -0.2,
            "3": -0.2,
            "4": -0.3
        },
        "signaltype": {
            "1": "Compound",
            "2": "Compound",
            "3": "Compound",
            "4": "Compound"
        },
        "f1_i": {
            "1": 3,
            "2": 4,
            "3": 5,
            "4": 5
        },
        "f2_i": {
            "1": 1,
            "2": 2,
            "3": 3,
            "4": 4
        },
        "f2p_i": {
            "1": 3,
            "2": 4,
            "3": 5,
            "4": 5
        },
        "f1C_i": {
            "1": "C3",
            "2": "C4",
            "3": "C5",
            "4": "C5"
        },
        "f2H_i": {
            "1": "H1",
            "2": "H2",
            "3": "H3",
            "4": "H4"
        },
        "f2Cp_i": {
            "1": "C3",
            "2": "C4",
            "3": "C5",
            "4": "C5"
        },
        "f2p_ppm": {
            "1": 57.4,
            "2": 36.2,
            "3": 29.7,
            "4": 29.7
        },
        "f1_ppm_orig": {
            "1": 57.4,
            "2": 36.2,
            "3": 29.7,
            "4": 29.7
        },
        "f1_ppm_prob": {
            "1": 79.78845608028654,
            "2": 79.78845608028654,
            "3": 79.78845608028654,
            "4": 79.78845608028654
        },
        "f2_ppm_orig": {
            "1": 3.75,
            "2": 2.34,
            "3": 2.11,
            "4": 2.06
        },
        "f2_ppm_prob": {
            "1": 79.78845608028654,
            "2": 79.78845608028654,
            "3": 79.78845608028654,
            "4": 79.78845608028654
        },
        "f2_integral": {
            "1": 1.0,
            "2": 1.0,
            "3": 1.0,
            "4": 1.0
        }
    },
    "hmbc": {
        "f1_ppm": {
            "1": 29.7,
            "2": 36.2,
            "3": 177.4,
            "4": 29.7,
            "5": 57.4,
            "6": 184.1,
            "7": 184.1,
            "8": 177.4,
            "9": 57.4,
            "10": 36.2,
            "11": 184.1,
            "12": 177.4,
            "13": 57.4,
            "14": 36.2
        },
        "f2_ppm": {
            "1": 3.75,
            "2": 3.75,
            "3": 3.75,
            "4": 2.34,
            "5": 2.34,
            "6": 2.34,
            "7": 2.11,
            "8": 2.11,
            "9": 2.11,
            "10": 2.11,
            "11": 2.06,
            "12": 2.06,
            "13": 2.06,
            "14": 2.06
        },
        "intensity": {
            "1": 0.1,
            "2": 0.1,
            "3": 0.1,
            "4": 0.1,
            "5": 0.1,
            "6": 0.1,
            "7": 0.1,
            "8": 0.1,
            "9": 0.1,
            "10": 0.1,
            "11": 0.1,
            "12": 0.1,
            "13": 0.1,
            "14": 0.1
        },
        "f2p_ppm": {
            "1": 57.4,
            "2": 57.4,
            "3": 57.4,
            "4": 36.2,
            "5": 36.2,
            "6": 36.2,
            "7": 29.7,
            "8": 29.7,
            "9": 29.7,
            "10": 29.7,
            "11": 29.7,
            "12": 29.7,
            "13": 29.7,
            "14": 29.7
        },
        "f1_i": {
            "1": 5,
            "2": 4,
            "3": 2,
            "4": 5,
            "5": 3,
            "6": 1,
            "7": 1,
            "8": 2,
            "9": 3,
            "10": 4,
            "11": 1,
            "12": 2,
            "13": 3,
            "14": 4
        },
        "f2_i": {
            "1": 1,
            "2": 1,
            "3": 1,
            "4": 2,
            "5": 2,
            "6": 2,
            "7": 3,
            "8": 3,
            "9": 3,
            "10": 3,
            "11": 4,
            "12": 4,
            "13": 4,
            "14": 4
        },
        "f2p_i": {
            "1": 3,
            "2": 3,
            "3": 3,
            "4": 4,
            "5": 4,
            "6": 4,
            "7": 5,
            "8": 5,
            "9": 5,
            "10": 5,
            "11": 5,