{
  "C1": [
    0.20246082451767416,
    0.47614161302642666
  ],
  "C2": [
    0.7888251150668769,
    0.4459552222668633
  ],
  "C3": [
    0.6465910726373005,
    0.5381362152046957
  ],
  "C4": [
    0.35340892736269924,
    0.5532294105844773
  ],
  "C5": [
    0.4956429697922756,
    0.461048417646645
  ]
}