{
  "C1": [
    0.20246082451767428,
    0.47614161302642666
  ],
  "C2": [
    0.788825115066877,
    0.4459552222668633
  ],
  "C3": [
    0.6465910726373006,
    0.5381362152046957
  ],
  "C4": [
    0.35340892736269935,
    0.5532294105844773
  ],
  "C5": [
    0.4956429697922756,
    0.461048417646645
  ]
}