{
  "C1": [
    0.8193040786313973,
    0.5081301170382242
  ],
  "C2": [
    0.2705630686726834,
    0.5081301170382242
  ],
  "C3": [
    0.5449335736520403,
    0.349722232130699
  ],
  "C4": [
    0.5449335736520404,
    0.6665380019457495
  ],
  "C5": [
    0.3620199036658023,
    0.6665380019457495
  ],
  "C6": [
    0.6363904086451594,
    0.5081301170382242
  ],
  "C7": [
    0.3620199036658024,
    0.349722232130699
  ],
  "C8": [
    0.6363904086451594,
    0.8249458868532747
  ]
}