{
  "C1": [
    0.7411266504075575,
    0.41707622940102057
  ],
  "C2": [
    0.5979314331249088,
    0.5841865013584416
  ],
  "C3": [
    0.6212884615167489,
    0.4592944667573289
  ],
  "C4": [
    0.8376078109065263,
    0.49975002664582474
  ],
  "C5": [
    0.4780932442341001,
    0.6264047387147502
  ],
  "C6": [
    0.2617738948443228,
    0.5859491788262544
  ],
  "C7": [
    0.3816120837351315,
    0.543730941469946
  ],
  "C8": [
    0.1652927343453542,
    0.5032753815814504
  ],
  "C9": [
    0.045454545454545435,
    0.5454936189377588
  ]
}