{
  "C1": [
    0.3648500830027125,
    0.4218679464502839
  ],
  "C2": [
    0.7182149797526898,
    0.47960442472734843
  ],
  "C3": [
    0.6378771265104061,
    0.595302960819482
  ],
  "C4": [
    0.5879373799003378,
    0.47960442472734843
  ],
  "C5": [
    0.292641486901673,
    0.45290476255224066
  ],
  "C6": [
    0.5749096199151026,
    0.5597034112526716
  ],
  "C7": [
    0.7138723930909447,
    0.5574784394047461
  ],
  "C8": [
    0.162764312387291,
    0.480003276247953
  ],
  "C9": [
    0.5162846999815441,
    0.35278102939558653
  ],
  "C10": [
    0.5010856466654363,
    0.4395549314646868
  ],
  "C11": [
    0.20705634239625514,
    0.3421279132050749
  ],
  "C12": [
    0.1998983891857736,
    0.552287707080471
  ],
  "C13": [
    0.28012002895688176,
    0.5393082189206382
  ],
  "C14": [
    0.16324591891319018,
    0.6248175286945774
  ],
  "C15": [
    0.44111767539792146,
    0.3035666778535004
  ],
  "C16": [
    0.08210701572712875,
    0.6293404691341195
  ],
  "C17": [
    0.03642887385871396,
    0.7021016095199131
  ],
  "C18": [
    0.8007241263258461,
    0.3550060012435122
  ]
}