{
  "C1": [
    0.36525030065898123,
    0.42177004330614104
  ],
  "C2": [
    0.7151608758530992,
    0.4796736999160671
  ],
  "C3": [
    0.6403990118481763,
    0.5943305004038265
  ],
  "C4": [
    0.572878876379206,
    0.4753738959122755
  ],
  "C5": [
    0.2920808526828537,
    0.461599973286938
  ],
  "C6": [
    0.5685918836510174,
    0.5567652568801789
  ],
  "C7": [
    0.711134391863288,
    0.5692870047213947
  ],
  "C8": [
    0.1629113070520871,
    0.4799782194109835
  ],
  "C9": [
    0.5107174818204715,
    0.3413911940112655
  ],
  "C10": [
    0.506012161266986,
    0.42867772632737855
  ],
  "C11": [
    0.20725883706138823,
    0.3419300920424739
  ],
  "C12": [
    0.20009191459830042,
    0.55235322604088
  ],
  "C13": [
    0.2804140758635337,
    0.5393574739708785
  ],
  "C14": [
    0.1633935170536532,
    0.624973930938575
  ],
  "C15": [
    0.4416134599406658,
    0.3033205376462636
  ],
  "C16": [
    0.0821529429991926,
    0.6295025388355776
  ],
  "C17": [
    0.042363526265868603,
    0.7107827553271343
  ],
  "C18": [
    0.7904437573347768,
    0.35641729142072454
  ]
}