{
  "C1": [
    0.16963365288756,
    0.42160982899544214
  ],
  "C2": [
    0.5710095078790738,
    0.42226523185021725
  ],
  "C3": [
    0.09259244958360821,
    0.6574074663786362
  ],
  "C4": [
    0.6948943210943642,
    0.5125822564778748
  ],
  "C5": [
    0.0454545454545455,
    0.5115217923825252
  ],
  "C6": [
    0.6472802389183314,
    0.6583132108476115
  ],
  "C7": [
    0.9545454545454544,
    0.5682161000131276
  ],
  "C8": [
    0.4468304004460596,
    0.5121771952373002
  ],
  "C9": [
    0.2935184661028503,
    0.5119268536230999
  ],
  "C10": [
    0.23618786029898714,
    0.6565381775070704
  ],
  "C11": [
    0.48154400668758357,
    0.667746161576789
  ],
  "C12": [
    0.36978919714210784,
    0.7479748326204942
  ]
}