{
  "C1": [
    -0.23271889400921686,
    0.2639320575931188
  ],
  "C2": [
    0.314516129032258,
    0.10768468271702458
  ],
  "C3": [
    0.4182027649769582,
    -0.7088338569580481
  ],
  "C4": [
    1.3571428571428568,
    -0.4316207725004617
  ],
  "C5": [
    1.2534562211981561,
    0.4000184808722973
  ],
  "C6": [
    0.9884792626728105,
    -0.9507652761210327
  ],
  "C7": [
    0.7350230414746539,
    0.6520303758337396
  ],
  "C8": [
    -0.4458525345622122,
    -0.5021841030896657
  ],
  "C9": [
    -0.04838709677419373,
    -1.0818114615009826
  ],
  "C10": [
    -0.9815668202764978,
    -0.6685119537642175
  ],
  "C11": [
    -1.3617511520737327,
    -0.043522454259840915
  ]
}