{
  "C1": [
    -0.1981566820276499,
    0.19840896490314375
  ],
  "C2": [
    0.42972350230414724,
    -0.718914332756506
  ],
  "C3": [
    0.2972350230414742,
    0.14800658591085503
  ],
  "C4": [
    1.3571428571428568,
    -0.426580534601233
  ],
  "C5": [
    1.2534562211981561,
    0.37481729137615316
  ],
  "C6": [
    0.9596774193548385,
    -0.9406848003225751
  ],
  "C7": [
    0.7926267281105988,
    0.6520303758337396
  ],
  "C8": [
    -0.43433179723502313,
    -0.5425060062834963
  ],
  "C9": [
    -0.054147465437788256,
    -1.0465297962063809
  ],
  "C10": [
    -0.9815668202764978,
    -0.6332302884696155
  ],
  "C11": [
    -1.4079464988198267,
    -0.03568041496506491
  ]
}