{
  "C1": [
    0.5926749243997943,
    0.5437934804525765
  ],
  "C2": [
    0.826151555416971,
    0.32140872378016966
  ],
  "C3": [
    0.6452162903441412,
    0.365202204232746
  ],
  "C4": [
    0.9545454545454544,
    0.45620651954742364
  ],
  "C5": [
    0.28334576019848096,
    0.45278916513789885
  ],
  "C6": [
    0.4117396593269643,
    0.5875869609051527
  ]
}